id,name,first_name,last_name,team,team_name,team_short_name,team_id,position,positions,default_pos_id,pos_ids,pos_ids_no_flex,status,injury_status,rank,short_name,url_name,headshot_url,upcoming_event_status,table_rank,owner_team,owner_tooltip,owner_team_id,next_opponent_raw,next_opponent,next_opponent_is_away,next_kickoff,next_event_id,season_points,fppg_value,percent_owned,percent_started,percent_started_delta
06r5m,Aaron Anselmino,,,CHE,Chelsea,CHE,110040,D,D,703,703,703,5,,493,A. Anselmino,aaron-anselmino,https://fantraximg.com/assets/images/logos/sportsteam/epl/Chelsea.png,,493,W <small>(Thu)</small>,"Waiver Wire - Off Thu Jan 22, 9:00 AM PST",,BRF 0<br/>@CHE 2 F,BRF 0,False,@CHE 2 F,06c29,0,0,0%,0%,
06ex2,Aaron Bott,,,NOT,Nottingham Forest,NOT,110105,G,G,704,704,704,5,,526,A. Bott,aaron-bott,https://fantraximg.com/assets/images/logos/sportsteam/epl/Nottingham_Forest.png,,526,W <small>(Thu)</small>,"Waiver Wire - Off Thu Jan 22, 9:00 AM PST",,ARS 0<br/>@NOT 0 F,ARS 0,False,@NOT 0 F,06c2b,0,0,0%,0%,
062og,Aaron Hickey,,,BRF,Brentford,BRF,110237,D,D,703,703,703,5,,341,A. Hickey,aaron-hickey,https://fantraximg.com/assets/images/logos/sportsteam/epl/Brentford.png,,341,W <small>(Thu)</small>,"Waiver Wire - Off Thu Jan 22, 9:00 AM PST",,BRF 0<br/>@CHE 2 F,BRF 0,False,@CHE 2 F,06c29,36.25,2.59,1%,0%,
04amh,Aaron Ramsdale,,,NEW,Newcastle United,NEW,110101,G,G,704,704,704,4,,376,A. Ramsdale,aaron-ramsdale,https://fantraximg.com/assets/images/logos/sportsteam/epl/Newcastle_United.png,,376,FA,Free Agent,,@WOL<br/>Sun 6:00AM,WOL,True,Sun 6:00AM,06c2e,25.25,3.61,5%,0%,
05vyc,Aaron Ramsey,,,BUR,Burnley,BUR,110223,M,M,702,702,702,5,,762,A. Ramsey,aaron-ramsey,https://fantraximg.com/assets/images/logos/sportsteam/epl/Burnley_3.png,,762,W <small>(Thu)</small>,"Waiver Wire - Off Thu Jan 22, 9:00 AM PST",,BUR 1<br/>@LIV 1 F,BUR 1,False,@LIV 1 F,06c7a,0,0,0%,0%,
04adp,Aaron Wan-Bissaka,,,WHU,West Ham United,WHU,110175,D,D,703,703,703,5,,208,A. Wan-Bissaka,aaron-wan-bissaka,https://fantraximg.com/assets/images/logos/sportsteam/epl/West_Ham_United.png,,208,W <small>(Thu)</small>,"Waiver Wire - Off Thu Jan 22, 9:00 AM PST",,WHU 2<br/>@TOT 1 F,WHU 2,False,@TOT 1 F,06c2d,88.5,6.81,41%,+2%,1.0
062cj,Abdallah Sima,,,BHA,Brighton,BHA,110240,F,F,701,701,701,4,,792,A. Sima,abdallah-sima,https://fantraximg.com/assets/images/logos/sportsteam/epl/Brighton_and_Hove_Albion.png,,792,FA,Free Agent,,BOU<br/>Mon 12:00PM,BOU,False,Mon 12:00PM,06c28,0,0,0%,0%,
06xzn,Abdoullah Ba,,,SUN,Sunderland,SUN,110141,M,M,702,702,702,5,,504,A. Ba,abdoullah-ba,https://fantraximg.com/assets/images/logos/sportsteam/epl/Sunderland.png,,504,W <small>(Thu)</small>,"Waiver Wire - Off Thu Jan 22, 9:00 AM PST",,CRY 1<br/>@SUN 2 F,CRY 1,False,@SUN 2 F,06c2c,0,0,0%,0%,
06r9w,Abdukodir Khusanov,,,MCI,Manchester City,MCI,110080,D,D,703,703,703,5,,349,A. Khusanov,abdukodir-khusanov,https://fantraximg.com/assets/images/logos/sportsteam/epl/Manchester_City.png,,349,W <small>(Thu)</small>,"Waiver Wire - Off Thu Jan 22, 9:00 AM PST",,MCI 0<br/>@MUN 2 F,MCI 0,False,@MUN 2 F,06c2a,33.75,4.22,19%,+4%,1.0
06zef,Adam Aznou,,,EVE,Everton,EVE,110050,D,D,703,703,703,4,,503,A. Aznou,adam-aznou,https://fantraximg.com/assets/images/logos/sportsteam/epl/Everton.png,,503,FA,Free Agent,,@AVL<br/>Sun 8:30AM,AVL,True,Sun 8:30AM,06c27,0,0,1%,0%,
0700s,Adam Berry,,,NOT,Nottingham Forest,NOT,110105,M,M,702,702,702,5,,516,A. Berry,adam-berry,https://fantraximg.com/assets/images/logos/sportsteam/epl/Nottingham_Forest.png,,516,W <small>(Thu)</small>,"Waiver Wire - Off Thu Jan 22, 9:00 AM PST",,ARS 0<br/>@NOT 0 F,ARS 0,False,@NOT 0 F,06c2b,0,0,0%,0%,
06ids,Adam Harrison,,,NEW,Newcastle United,NEW,110101,G,G,704,704,704,4,,623,A. Harrison,adam-harrison,https://fantraximg.com/assets/images/logos/sportsteam/epl/Newcastle_United.png,,623,FA,Free Agent,,@WOL<br/>Sun 6:00AM,WOL,True,Sun 6:00AM,06c2e,0,0,0%,0%,
02lp5,Adam Smith,,,BOU,Bournemouth,BOU,110034,D,D,703,703,703,4,,375,A. Smith,adam-smith,https://fantraximg.com/assets/images/logos/sportsteam/epl/Bournemouth.png,,375,FA,Free Agent,,@BHA<br/>Mon 12:00PM,BHA,True,Mon 12:00PM,06c28,25.5,2.55,1%,0%,
056ir,Adam Webster,,,BHA,Brighton,BHA,110240,D,D,703,703,703,4,,829,A. Webster,adam-webster,https://fantraximg.com/assets/images/logos/sportsteam/epl/Brighton_and_Hove_Albion.png,,829,FA,Free Agent,,BOU<br/>Mon 12:00PM,BOU,False,Mon 12:00PM,06c28,0,0,1%,0%,
06jgs,Adam Wharton,,,CRY,Crystal Palace,CRY,110045,M,M,702,702,702,,,104,A. Wharton,adam-wharton,https://fantraximg.com/assets/images/logos/sportsteam/epl/Crystal_Palace.png,,104,aokel,1 - Danny Carve a Hole (aokelly94),3soymulymc719reo,CRY 1<br/>@SUN 2 F,CRY 1,False,@SUN 2 F,06c2c,149.25,7.46,76%,+1%,1.0
03u2b,Adama Traore,,,FUL,Fulham,FUL,110063,F,F,701,701,701,5,,402,A. Traore,adama-traore,https://fantraximg.com/assets/images/logos/sportsteam/epl/Fulham.png,,402,W <small>(Thu)</small>,"Waiver Wire - Off Thu Jan 22, 9:00 AM PST",,FUL 0<br/>@LEE 1 F,FUL 0,False,@LEE 1 F,06c79,15.25,1.02,9%,0%,
06uyc,Adrien Truffert,,,BOU,Bournemouth,BOU,110034,D,D,703,703,703,,,78,A. Truffert,adrien-truffert,https://fantraximg.com/assets/images/logos/sportsteam/epl/Bournemouth.png,2,78,ramgo,1 - Troy McClure's Fish Fetish (ramgorn),xwd21t85mc719rep,@BHA<br/>Mon 12:00PM,BHA,True,Mon 12:00PM,06c28,169,8.05,87%,-2%,-1.0
06v0u,Ahmed Abdullahi,,,SUN,Sunderland,SUN,110141,F,F,701,701,701,5,,475,A. Abdullahi,ahmed-abdullahi,https://fantraximg.com/assets/images/logos/sportsteam/epl/Sunderland.png,,475,W <small>(Thu)</small>,"Waiver Wire - Off Thu Jan 22, 9:00 AM PST",,CRY 1<br/>@SUN 2 F,CRY 1,False,@SUN 2 F,06c2c,0,0,0%,0%,
06pru,Aidan Borland,,,AVL,Aston Villa,AVL,110011,M,M,702,702,702,4,,525,A. Borland,aidan-borland,https://fantraximg.com/assets/images/logos/sportsteam/epl/Aston_Villa.png,,525,FA,Free Agent,,EVE<br/>Sun 8:30AM,EVE,False,Sun 8:30AM,06c27,0,0,0%,0%,
06zcc,Airidas Golambeckis,,,WHU,West Ham United,WHU,110175,D,D,703,703,703,5,,605,A. Golambeckis,airidas-golambeckis,https://fantraximg.com/assets/images/logos/sportsteam/epl/West_Ham_United.png,,605,W <small>(Thu)</small>,"Waiver Wire - Off Thu Jan 22, 9:00 AM PST",,WHU 2<br/>@TOT 1 F,WHU 2,False,@TOT 1 F,06c2d,0,0,0%,0%,
05ogg,Ajibola Alese,,,SUN,Sunderland,SUN,110141,D,D,703,703,703,5,,487,A. Alese,ajibola-alese,https://fantraximg.com/assets/images/logos/sportsteam/epl/Sunderland.png,,487,W <small>(Thu)</small>,"Waiver Wire - Off Thu Jan 22, 9:00 AM PST",,CRY 1<br/>@SUN 2 F,CRY 1,False,@SUN 2 F,06c2c,0,0,0%,0%,
06v0k,Alan Browne,,,SUN,Sunderland,SUN,110141,M,M,702,702,702,5,,532,A. Browne,alan-browne,https://fantraximg.com/assets/images/logos/sportsteam/epl/Sunderland.png,,532,W <small>(Thu)</small>,"Waiver Wire - Off Thu Jan 22, 9:00 AM PST",,CRY 1<br/>@SUN 2 F,CRY 1,False,@SUN 2 F,06c2c,0,0,0%,0%,
05ue3,Albert Sambi Lokonga,,,ARS,Arsenal,ARS,110000,M,M,702,702,702,5,,782,A. Sambi Lokonga,albert-sambi-lokonga,https://fantraximg.com/assets/images/logos/sportsteam/epl/Arsenal.png,,782,W <small>(Thu)</small>,"Waiver Wire - Off Thu Jan 22, 9:00 AM PST",,ARS 0<br/>@NOT 0 F,ARS 0,False,@NOT 0 F,06c2b,0,0,0%,0%,
06zbu,Aled Thomas,,,EVE,Everton,EVE,110050,D,D,703,703,703,4,,811,A. Thomas,aled-thomas,https://fantraximg.com/assets/images/logos/sportsteam/epl/Everton.png,,811,FA,Free Agent,,@AVL<br/>Sun 8:30AM,AVL,True,Sun 8:30AM,06c27,0,0,0%,0%,
060wh,Alejandro Garnacho,,,CHE,Chelsea,CHE,110040,M,M,701,702,702,,,194,Alejandro Garnacho,alejandro-garnacho-ferreyra,https://fantraximg.com/assets/images/logos/sportsteam/epl/Chelsea.png,,194,josht,1 - Dark Arts FC (joshtradamus),h61uavhqmc719rep,BRF 0<br/>@CHE 2 F,BRF 0,False,@CHE 2 F,06c29,95.75,6.84,67%,+9%,1.0
06uzw,Alex Cairns,,,LEE,Leeds United,LEE,110261,G,G,704,704,704,5,,539,A. Cairns,alex-cairns,https://fantraximg.com/assets/images/logos/sportsteam/epl/Leeds_United2.png,,539,W <small>(Thu)</small>,"Waiver Wire - Off Thu Jan 22, 9:00 AM PST",,FUL 0<br/>@LEE 1 F,FUL 0,False,@LEE 1 F,06c79,0,0,0%,0%,
038ze,Alex Iwobi,,,FUL,Fulham,FUL,110063,M,M,701,702,702,,,148,A. Iwobi,alex-iwobi,https://fantraximg.com/assets/images/logos/sportsteam/epl/Fulham.png,,148,scout,1 - scout skegghorst (trouttreghorst),0cyx6ukymc719rep,FUL 0<br/>@LEE 1 F,FUL 0,False,@LEE 1 F,06c79,123,7.69,86%,+2%,1.0
070gu,Alex Jiménez,,,BOU,Bournemouth,BOU,110034,D,D,703,703,703,4,,251,A. Jiménez,alex-jimenez,https://fantraximg.com/assets/images/logos/sportsteam/epl/Bournemouth.png,2,251,FA,Free Agent,,@BHA<br/>Mon 12:00PM,BHA,True,Mon 12:00PM,06c28,70,4.12,6%,-2%,-1.0
0687b,Alex Moreno,,,AVL,Aston Villa,AVL,110011,D,D,703,703,703,4,,707,Alex Moreno,alexandre-moreno-lopera,https://fantraximg.com/assets/images/logos/sportsteam/epl/Aston_Villa.png,,707,FA,Free Agent,,EVE<br/>Sun 8:30AM,EVE,False,Sun 8:30AM,06c27,0,0,0%,0%,
06ewy,Alex Murphy,,,NEW,Newcastle United,NEW,110101,D,D,703,703,703,4,,716,A. Murphy,alex-murphy,https://fantraximg.com/assets/images/logos/sportsteam/epl/Newcastle_United.png,,716,FA,Free Agent,,@WOL<br/>Sun 6:00AM,WOL,True,Sun 6:00AM,06c2e,0,0,0%,0%,
06mex,Alex Paulsen,,,BOU,Bournemouth,BOU,110034,G,G,704,704,704,4,,744,A. Paulsen,alex-paulsen,https://fantraximg.com/assets/images/logos/sportsteam/epl/Bournemouth.png,,744,FA,Free Agent,,@BHA<br/>Mon 12:00PM,BHA,True,Mon 12:00PM,06c28,0,0,0%,0%,
06f8y,Alex Scott,,,BOU,Bournemouth,BOU,110034,M,M,702,702,702,4,,134,A. Scott,alex-scott,https://fantraximg.com/assets/images/logos/sportsteam/epl/Bournemouth.png,2,134,FA,Free Agent,,@BHA<br/>Mon 12:00PM,BHA,True,Mon 12:00PM,06c28,128.75,6.13,26%,0%,
0646f,Alexander Isak,,,LIV,Liverpool,LIV,110070,F,F,701,701,701,,,319,A. Isak,alexander-isak,https://fantraximg.com/assets/images/logos/sportsteam/epl/Liverpool.png,,319,plist,1 - Baby Jesus (plisterud),4kktj7fqmc719rep,BUR 1<br/>@LIV 1 F,BUR 1,False,@LIV 1 F,06c7a,44,4.4,66%,-2%,-1.0
06nk2,Alexei Rojas Fedorushchenko,,,ARS,Arsenal,ARS,110000,G,G,704,704,704,5,,772,A. Rojas Fedorushchenko,alexei-rojas-fedorushchenko,https://fantraximg.com/assets/images/logos/sportsteam/epl/Arsenal.png,,772,W <small>(Thu)</small>,"Waiver Wire - Off Thu Jan 22, 9:00 AM PST",,ARS 0<br/>@NOT 0 F,ARS 0,False,@NOT 0 F,06c2b,0,0,0%,0%,
0522h,Alexis Mac Allister,,,LIV,Liverpool,LIV,110070,M,M,702,702,702,5,,211,A. Mac Allister,alexis-mac-allister,https://fantraximg.com/assets/images/logos/sportsteam/epl/Liverpool.png,,211,W <small>(Thu)</small>,"Waiver Wire - Off Thu Jan 22, 9:00 AM PST",,BUR 1<br/>@LIV 1 F,BUR 1,False,@LIV 1 F,06c7a,87.5,4.17,70%,-3%,-1.0
05nio,Alfie Devine,,,TOT,Tottenham Hotspur,TOT,110160,M,M,702,702,702,5,,573,A. Devine,alfie-devine,https://fantraximg.com/assets/images/logos/sportsteam/epl/Tottenham_Hotspur.png,,573,W <small>(Thu)</small>,"Waiver Wire - Off Thu Jan 22, 9:00 AM PST",,WHU 2<br/>@TOT 1 F,WHU 2,False,@TOT 1 F,06c2d,0,0,0%,0%,
066si,Alfie Gilchrist,,,CHE,Chelsea,CHE,110040,D,D,703,703,703,5,,602,A. Gilchrist,alfie-gilchrist,https://fantraximg.com/assets/images/logos/sportsteam/epl/Chelsea.png,,602,W <small>(Thu)</small>,"Waiver Wire - Off Thu Jan 22, 9:00 AM PST",,BRF 0<br/>@CHE 2 F,BRF 0,False,@CHE 2 F,06c29,0,0,0%,0%,
06nv5,Alfie Harrison,,,NEW,Newcastle United,NEW,110101,M,M,702,702,702,4,,624,A. Harrison,alfie-harrison,https://fantraximg.com/assets/images/logos/sportsteam/epl/Newcastle_United.png,,624,FA,Free Agent,,@WOL<br/>Sun 6:00AM,WOL,True,Sun 6:00AM,06c2e,0,0,0%,0%,
072jc,Alfie McNally,,,FUL,Fulham,FUL,110063,G,G,704,704,704,5,,694,A. McNally,alfie-mcnally,https://fantraximg.com/assets/images/logos/sportsteam/epl/Fulham.png,,694,W <small>(Thu)</small>,"Waiver Wire - Off Thu Jan 22, 9:00 AM PST",,FUL 0<br/>@LEE 1 F,FUL 0,False,@LEE 1 F,06c79,0,0,0%,0%,
06fwj,Alfie Pond,,,WOL,Wolverhampton,WOL,110191,D,D,703,703,703,4,,752,A. Pond,alfie-pond,https://fantraximg.com/assets/images/logos/sportsteam/epl/Wolverhampton_Wanderers.png,,752,FA,Free Agent,,NEW<br/>Sun 6:00AM,NEW,False,Sun 6:00AM,06c2e,0,0,0%,0%,
04sjt,Alisson,,,LIV,Liverpool,LIV,110070,G,G,704,704,704,,,167,Alisson,alisson-ramses-becker,https://fantraximg.com/assets/images/logos/sportsteam/epl/Liverpool.png,,167,aokel,1 - Danny Carve a Hole (aokelly94),3soymulymc719reo,BUR 1<br/>@LIV 1 F,BUR 1,False,@LIV 1 F,06c7a,112.5,6.62,88%,+8%,1.0
05oef,Alphonse Areola,,,WHU,West Ham United,WHU,110175,G,G,704,704,704,5,,98,A. Areola,alphonse-areola,https://fantraximg.com/assets/images/logos/sportsteam/epl/West_Ham_United.png,,98,W <small>(Thu)</small>,"Waiver Wire - Off Thu Jan 22, 9:00 AM PST",,WHU 2<br/>@TOT 1 F,WHU 2,False,@TOT 1 F,06c2d,153,8.5,17%,-2%,-1.0
06fx0,Altay Bayindir,,,MUN,Manchester United,MUN,110090,G,G,704,704,704,5,,370,A. Bayindir,altay-bayindir,https://fantraximg.com/assets/images/logos/sportsteam/epl/Manchester_United.png,,370,W <small>(Thu)</small>,"Waiver Wire - Off Thu Jan 22, 9:00 AM PST",,MCI 0<br/>@MUN 2 F,MCI 0,False,@MUN 2 F,06c2a,26.75,4.46,2%,0%,
072j3,Alysson Edward Franco da Rocha dos Santos,,,AVL,Aston Villa,AVL,110011,F,F,701,701,701,4,,852,A. da Rocha dos Santos,alysson-edward-franco-da-rocha-dos-santos,https://fantraximg.com/assets/images/logos/sportsteam/epl/Aston_Villa.png,,852,FA,Free Agent,,EVE<br/>Sun 8:30AM,EVE,False,Sun 8:30AM,06c27,0,0,1%,0%,
05r34,Amad Diallo,,,MUN,Manchester United,MUN,110090,M,M,701,702,702,,,73,A. Diallo,amad-diallo,https://fantraximg.com/assets/images/logos/sportsteam/epl/Manchester_United.png,,73,scout,1 - scout skegghorst (trouttreghorst),0cyx6ukymc719rep,MCI 0<br/>@MUN 2 F,MCI 0,False,@MUN 2 F,06c2a,175.5,10.97,99%,+1%,1.0
063hu,Amadou Onana,,,AVL,Aston Villa,AVL,110011,M,M,702,702,702,4,,200,A. Onana,amadou-onana,https://fantraximg.com/assets/images/logos/sportsteam/epl/Aston_Villa.png,,200,FA,Free Agent,,EVE<br/>Sun 8:30AM,EVE,False,Sun 8:30AM,06c27,90.75,6.48,10%,-2%,-1.0
06kud,Amara Nallo,,,LIV,Liverpool,LIV,110070,D,D,703,703,703,5,,718,A. Nallo,amara-nallo,https://fantraximg.com/assets/images/logos/sportsteam/epl/Liverpool.png,,718,W <small>(Thu)</small>,"Waiver Wire - Off Thu Jan 22, 9:00 AM PST",,BUR 1<br/>@LIV 1 F,BUR 1,False,@LIV 1 F,06c7a,0,0,0%,0%,
070ci,Amine Adli,,,BOU,Bournemouth,BOU,110034,F,F,701,701,701,4,,308,A. Adli,amine-adli,https://fantraximg.com/assets/images/logos/sportsteam/epl/Bournemouth.png,,308,FA,Free Agent,,@BHA<br/>Mon 12:00PM,BHA,True,Mon 12:00PM,06c28,48.75,2.87,4%,+1%,1.0
06pic,Andre,,,WOL,Wolverhampton,WOL,110191,M,M,702,702,702,4,,261,Andre,andre-trindade-da-costa-neto,https://fantraximg.com/assets/images/logos/sportsteam/epl/Wolverhampton_Wanderers.png,2,261,FA,Free Agent,,NEW<br/>Sun 6:00AM,NEW,False,Sun 6:00AM,06c2e,67.5,3.38,3%,0%,
06zbq,Andre Harriman-Annous,,,ARS,Arsenal,ARS,110000,F,F,701,701,701,5,,621,A. Harriman-Annous,andre-harriman-annous,https://fantraximg.com/assets/images/logos/sportsteam/epl/Arsenal.png,,621,W <small>(Thu)</small>,"Waiver Wire - Off Thu Jan 22, 9:00 AM PST",,ARS 0<br/>@NOT 0 F,ARS 0,False,@NOT 0 F,06c2b,0,0,0%,0%,
06dps,Andre Onana,,,MUN,Manchester United,MUN,110090,G,G,704,704,704,5,,734,A. Onana,andre-onana,https://fantraximg.com/assets/images/logos/sportsteam/epl/Manchester_United.png,,734,W <small>(Thu)</small>,"Waiver Wire - Off Thu Jan 22, 9:00 AM PST",,MCI 0<br/>@MUN 2 F,MCI 0,False,@MUN 2 F,06c2a,0,0,3%,0%,
03jly,Andreas Pereira,,,FUL,Fulham,FUL,110063,M,M,702,702,702,5,,639,Andreas Pereira,andreas-hugo-hoelgebaum-pereira,https://fantraximg.com/assets/images/logos/sportsteam/epl/Fulham.png,,639,W <small>(Thu)</small>,"Waiver Wire - Off Thu Jan 22, 9:00 AM PST",,FUL 0<br/>@LEE 1 F,FUL 0,False,@LEE 1 F,06c79,0,0,7%,0%,
06r9v,Andres García,,,AVL,Aston Villa,AVL,110011,D,D,703,703,703,4,,861,A. García,andres-garcia,https://fantraximg.com/assets/images/logos/sportsteam/epl/Aston_Villa.png,,861,FA,Free Agent,,EVE<br/>Sun 8:30AM,EVE,False,Sun 8:30AM,06c27,-2,-1,0%,0%,
03gu5,Andrew Robertson,,,LIV,Liverpool,LIV,110070,D,D,703,703,703,5,,257,A. Robertson,andrew-robertson,https://fantraximg.com/assets/images/logos/sportsteam/epl/Liverpool.png,,257,W <small>(Thu)</small>,"Waiver Wire - Off Thu Jan 22, 9:00 AM PST",,BUR 1<br/>@LIV 1 F,BUR 1,False,@LIV 1 F,06c7a,69.25,5.33,13%,-2%,-1.0
068a0,Andrey Santos,,,CHE,Chelsea,CHE,110040,M,M,702,702,702,5,,332,Andrey Santos,andrey-nascimento-dos-santos,https://fantraximg.com/assets/images/logos/sportsteam/epl/Chelsea.png,,332,W <small>(Thu)</small>,"Waiver Wire - Off Thu Jan 22, 9:00 AM PST",,BRF 0<br/>@CHE 2 F,BRF 0,False,@CHE 2 F,06c29,38.75,2.42,3%,-3%,-1.0
06kyx,Andy Irving,,,WHU,West Ham United,WHU,110175,M,M,702,702,702,5,,412,A. Irving,andy-irving,https://fantraximg.com/assets/images/logos/sportsteam/epl/West_Ham_United.png,,412,W <small>(Thu)</small>,"Waiver Wire - Off Thu Jan 22, 9:00 AM PST",,WHU 2<br/>@TOT 1 F,WHU 2,False,@TOT 1 F,06c2d,11,1.57,0%,0%,
05vyh,Andy Moran,,,BHA,Brighton,BHA,110240,M,M,702,702,702,4,,706,Andy Moran,andrew-moran,https://fantraximg.com/assets/images/logos/sportsteam/epl/Brighton_and_Hove_Albion.png,,706,FA,Free Agent,,BOU<br/>Mon 12:00PM,BOU,False,Mon 12:00PM,06c28,0,0,0%,0%,
044i7,Angus Gunn,,,NOT,Nottingham Forest,NOT,110105,G,G,704,704,704,5,,615,A. Gunn,angus-gunn,https://fantraximg.com/assets/images/logos/sportsteam/epl/Nottingham_Forest.png,,615,W <small>(Thu)</small>,"Waiver Wire - Off Thu Jan 22, 9:00 AM PST",,ARS 0<br/>@NOT 0 F,ARS 0,False,@NOT 0 F,06c2b,0,0,0%,0%,
05ogb,Anthony Elanga,,,NEW,Newcastle United,NEW,110101,F,F,701,701,701,4,,326,A. Elanga,anthony-elanga,https://fantraximg.com/assets/images/logos/sportsteam/epl/Newcastle_United.png,,326,FA,Free Agent,,@WOL<br/>Sun 6:00AM,WOL,True,Sun 6:00AM,06c2e,41.75,2.46,41%,0%,
04mdn,Anthony Gordon,,,NEW,Newcastle United,NEW,110101,M,M,701,702,702,,,158,A. Gordon,anthony-gordon,https://fantraximg.com/assets/images/logos/sportsteam/epl/Newcastle_United.png,2,158,hogan_m,"1 - Yoro wizard, Harry! (hogan_m)",3uxxpgpemc719rep,@WOL<br/>Sun 6:00AM,WOL,True,Sun 6:00AM,06c2e,118.25,7.39,98%,0%,
06on6,Anthony Munda,,,NEW,Newcastle United,NEW,110101,M,M,702,702,702,4,,712,A. Munda,anthony-munda,https://fantraximg.com/assets/images/logos/sportsteam/epl/Newcastle_United.png,,712,FA,Free Agent,,@WOL<br/>Sun 6:00AM,WOL,True,Sun 6:00AM,06c2e,0,0,0%,0%,
06v0d,Anthony Patterson,,,SUN,Sunderland,SUN,110141,G,G,704,704,704,5,,742,A. Patterson,anthony-patterson,https://fantraximg.com/assets/images/logos/sportsteam/epl/Sunderland.png,,742,W <small>(Thu)</small>,"Waiver Wire - Off Thu Jan 22, 9:00 AM PST",,CRY 1<br/>@SUN 2 F,CRY 1,False,@SUN 2 F,06c2c,0,0,1%,0%,
068y0,Antoine Semenyo,,,MCI,Manchester City,MCI,110080,F,F,701,701,701,,,3,A. Semenyo,antoine-semenyo,https://fantraximg.com/assets/images/logos/sportsteam/epl/Manchester_City.png,,3,hogan_m,"1 - Yoro wizard, Harry! (hogan_m)",3uxxpgpemc719rep,MCI 0<br/>@MUN 2 F,MCI 0,False,@MUN 2 F,06c2a,291.5,13.88,100%,0%,
06zbx,Anton Stach,,,LEE,Leeds United,LEE,110261,M,M,702,702,702,,,13,A. Stach,anton-stach,https://fantraximg.com/assets/images/logos/sportsteam/epl/Leeds_United2.png,,13,scout,1 - scout skegghorst (trouttreghorst),0cyx6ukymc719rep,FUL 0<br/>@LEE 1 F,FUL 0,False,@LEE 1 F,06c79,227.75,11.99,81%,-1%,-1.0
03rzp,Antonee Robinson,,,FUL,Fulham,FUL,110063,D,D,703,703,703,,,223,A. Robinson,antonee-robinson,https://fantraximg.com/assets/images/logos/sportsteam/epl/Fulham.png,,223,josht,1 - Dark Arts FC (joshtradamus),h61uavhqmc719rep,FUL 0<br/>@LEE 1 F,FUL 0,False,@LEE 1 F,06c79,83.5,8.35,92%,+1%,1.0
06y4g,Antoni Milambo,,,BRF,Brentford,BRF,110237,M,M,702,702,702,5,,455,A. Milambo,antoni-milambo,https://fantraximg.com/assets/images/logos/sportsteam/epl/Brentford.png,,455,W <small>(Thu)</small>,"Waiver Wire - Off Thu Jan 22, 9:00 AM PST",,BRF 0<br/>@CHE 2 F,BRF 0,False,@CHE 2 F,06c29,2,2,1%,0%,
06r6s,Antonin Kinsky,,,TOT,Tottenham Hotspur,TOT,110160,G,G,704,704,704,5,,660,A. Kinsky,antonin-kinsky,https://fantraximg.com/assets/images/logos/sportsteam/epl/Tottenham_Hotspur.png,,660,W <small>(Thu)</small>,"Waiver Wire - Off Thu Jan 22, 9:00 AM PST",,WHU 2<br/>@TOT 1 F,WHU 2,False,@TOT 1 F,06c2d,0,0,1%,0%,
06xzh,Antonito Cordero,,,NEW,Newcastle United,NEW,110101,F,F,701,701,701,4,,560,A. Cordero,antonito-cordero,https://fantraximg.com/assets/images/logos/sportsteam/epl/Newcastle_United.png,,560,FA,Free Agent,,@WOL<br/>Sun 6:00AM,WOL,True,Sun 6:00AM,06c2e,0,0,0%,0%,
0649i,Antony,,,MUN,Manchester United,MUN,110090,M,M,701,702,702,5,,856,Antony,antony-matheus-dos-santos,https://fantraximg.com/assets/images/logos/sportsteam/epl/Manchester_United.png,,856,W <small>(Thu)</small>,"Waiver Wire - Off Thu Jan 22, 9:00 AM PST",,MCI 0<br/>@MUN 2 F,MCI 0,False,@MUN 2 F,06c2a,0,0,0%,0%,
06uzy,Ao Tanaka,,,LEE,Leeds United,LEE,110261,M,M,702,702,702,5,,269,A. Tanaka,ao-tanaka,https://fantraximg.com/assets/images/logos/sportsteam/epl/Leeds_United2.png,,269,W <small>(Thu)</small>,"Waiver Wire - Off Thu Jan 22, 9:00 AM PST",,FUL 0<br/>@LEE 1 F,FUL 0,False,@LEE 1 F,06c79,65.5,3.45,3%,0%,
05y7c,Archie Gray,,,TOT,Tottenham Hotspur,TOT,110160,M,M,702,702,702,5,,325,A. Gray,archie-gray,https://fantraximg.com/assets/images/logos/sportsteam/epl/Tottenham_Hotspur.png,,325,W <small>(Thu)</small>,"Waiver Wire - Off Thu Jan 22, 9:00 AM PST",,WHU 2<br/>@TOT 1 F,WHU 2,False,@TOT 1 F,06c2d,42,3.5,4%,+1%,1.0
0700q,Archie Whitehall,,,NOT,Nottingham Forest,NOT,110105,M,M,702,702,702,5,,834,A. Whitehall,archie-whitehall,https://fantraximg.com/assets/images/logos/sportsteam/epl/Nottingham_Forest.png,,834,W <small>(Thu)</small>,"Waiver Wire - Off Thu Jan 22, 9:00 AM PST",,ARS 0<br/>@NOT 0 F,ARS 0,False,@NOT 0 F,06c2b,0,0,0%,0%,
05gvx,Armando Broja,,,BUR,Burnley,BUR,110223,F,F,701,701,701,5,,287,A. Broja,armando-broja,https://fantraximg.com/assets/images/logos/sportsteam/epl/Burnley_3.png,,287,W <small>(Thu)</small>,"Waiver Wire - Off Thu Jan 22, 9:00 AM PST",,BUR 1<br/>@LIV 1 F,BUR 1,False,@LIV 1 F,06c7a,57.5,3.59,6%,-3%,-1.0
06v04,Armin Pécsi,,,LIV,Liverpool,LIV,110070,G,G,704,704,704,5,,756,A. Pécsi,armin-pecsi,https://fantraximg.com/assets/images/logos/sportsteam/epl/Liverpool.png,,756,W <small>(Thu)</small>,"Waiver Wire - Off Thu Jan 22, 9:00 AM PST",,BUR 1<br/>@LIV 1 F,BUR 1,False,@LIV 1 F,06c7a,0,0,0%,0%,
0703h,Arnaud Kalimuendo,,,NOT,Nottingham Forest,NOT,110105,F,F,701,701,701,5,,429,A. Kalimuendo,arnaud-kalimuendo,https://fantraximg.com/assets/images/logos/sportsteam/epl/Nottingham_Forest.png,,429,W <small>(Thu)</small>,"Waiver Wire - Off Thu Jan 22, 9:00 AM PST",,ARS 0<br/>@NOT 0 F,ARS 0,False,@NOT 0 F,06c2b,6.75,0.75,1%,0%,
045yy,Arthur Masuaku,,,SUN,Sunderland,SUN,110141,D,D,703,703,703,5,,424,A. Masuaku,arthur-masuaku,https://fantraximg.com/assets/images/logos/sportsteam/epl/Sunderland.png,,424,W <small>(Thu)</small>,"Waiver Wire - Off Thu Jan 22, 9:00 AM PST",,CRY 1<br/>@SUN 2 F,CRY 1,False,@SUN 2 F,06c2c,7.5,2.5,0%,0%,
06nvc,Asher Agbinone,,,CRY,Crystal Palace,CRY,110045,M,M,702,702,702,5,,479,A. Agbinone,asher-agbinone,https://fantraximg.com/assets/images/logos/sportsteam/epl/Crystal_Palace.png,,479,W <small>(Thu)</small>,"Waiver Wire - Off Thu Jan 22, 9:00 AM PST",,CRY 1<br/>@SUN 2 F,CRY 1,False,@SUN 2 F,06c2c,0,0,0%,0%,
03dxr,Ashley Barnes,,,BUR,Burnley,BUR,110223,F,F,701,701,701,5,,445,A. Barnes,ashley-barnes,https://fantraximg.com/assets/images/logos/sportsteam/epl/Burnley_3.png,,445,W <small>(Thu)</small>,"Waiver Wire - Off Thu Jan 22, 9:00 AM PST",,BUR 1<br/>@LIV 1 F,BUR 1,False,@LIV 1 F,06c7a,3,1.5,0%,0%,
06ew2,Axel Disasi,,,CHE,Chelsea,CHE,110040,D,D,703,703,703,5,,575,A. Disasi,axel-disasi,https://fantraximg.com/assets/images/logos/sportsteam/epl/Chelsea.png,,575,W <small>(Thu)</small>,"Waiver Wire - Off Thu Jan 22, 9:00 AM PST",,BRF 0<br/>@CHE 2 F,BRF 0,False,@CHE 2 F,06c29,0,0,0%,0%,
03xrs,Axel Tuanzebe,,,BUR,Burnley,BUR,110223,D,D,703,703,703,5,,344,A. Tuanzebe,axel-tuanzebe,https://fantraximg.com/assets/images/logos/sportsteam/epl/Burnley_3.png,,344,W <small>(Thu)</small>,"Waiver Wire - Off Thu Jan 22, 9:00 AM PST",,BUR 1<br/>@LIV 1 F,BUR 1,False,@LIV 1 F,06c7a,36,4,1%,0%,
06kqy,Ayden Heaven,,,MUN,Manchester United,MUN,110090,D,D,703,703,703,5,,311,A. Heaven,ayden-heaven,https://fantraximg.com/assets/images/logos/sportsteam/epl/Manchester_United.png,,311,W <small>(Thu)</small>,"Waiver Wire - Off Thu Jan 22, 9:00 AM PST",,MCI 0<br/>@MUN 2 F,MCI 0,False,@MUN 2 F,06c2a,48,4.36,5%,-7%,-1.0
0700u,Bafode Diakité,,,BOU,Bournemouth,BOU,110034,D,D,703,703,703,4,,221,B. Diakité,bafode-diakite,https://fantraximg.com/assets/images/logos/sportsteam/epl/Bournemouth.png,,221,FA,Free Agent,,@BHA<br/>Mon 12:00PM,BHA,True,Mon 12:00PM,06c28,83.75,5.23,10%,-1%,-1.0
06cmu,Bart Verbruggen,,,BHA,Brighton,BHA,110240,G,G,704,704,704,4,,96,B. Verbruggen,bart-verbruggen,https://fantraximg.com/assets/images/logos/sportsteam/epl/Brighton_and_Hove_Albion.png,2,96,FA,Free Agent,,BOU<br/>Mon 12:00PM,BOU,False,Mon 12:00PM,06c28,153.25,7.3,37%,+8%,1.0
066sh,Bashir Humphreys,,,BUR,Burnley,BUR,110223,D,D,703,703,703,5,,312,B. Humphreys,bashir-humphreys,https://fantraximg.com/assets/images/logos/sportsteam/epl/Burnley_3.png,,312,W <small>(Thu)</small>,"Waiver Wire - Off Thu Jan 22, 9:00 AM PST",,BUR 1<br/>@LIV 1 F,BUR 1,False,@LIV 1 F,06c7a,47.25,7.88,1%,0%,
06prw,Ben Broggio,,,AVL,Aston Villa,AVL,110011,M,M,702,702,702,4,,531,B. Broggio,ben-broggio,https://fantraximg.com/assets/images/logos/sportsteam/epl/Aston_Villa.png,,531,FA,Free Agent,,EVE<br/>Sun 8:30AM,EVE,False,Sun 8:30AM,06c27,0,0,0%,0%,
072h8,Ben Casey,,,CRY,Crystal Palace,CRY,110045,F,F,701,701,701,5,,545,B. Casey,ben-casey,https://fantraximg.com/assets/images/logos/sportsteam/epl/Crystal_Palace.png,,545,W <small>(Thu)</small>,"Waiver Wire - Off Thu Jan 22, 9:00 AM PST",,CRY 1<br/>@SUN 2 F,CRY 1,False,@SUN 2 F,06c2c,0,0,0%,0%,
03v6t,Ben Chilwell,,,CHE,Chelsea,CHE,110040,D,D,703,703,703,5,,551,B. Chilwell,ben-chilwell,https://fantraximg.com/assets/images/logos/sportsteam/epl/Chelsea.png,,551,W <small>(Thu)</small>,"Waiver Wire - Off Thu Jan 22, 9:00 AM PST",,BRF 0<br/>@CHE 2 F,BRF 0,False,@CHE 2 F,06c29,0,0,0%,0%,
02oo1,Ben Davies,,,TOT,Tottenham Hotspur,TOT,110160,D,D,703,703,703,5,,366,B. Davies,ben-davies,https://fantraximg.com/assets/images/logos/sportsteam/epl/Tottenham_Hotspur.png,,366,W <small>(Thu)</small>,"Waiver Wire - Off Thu Jan 22, 9:00 AM PST",,WHU 2<br/>@TOT 1 F,WHU 2,False,@TOT 1 F,06c2d,27.5,9.17,8%,+7%,1.0
066nn,Ben Doak,,,BOU,Bournemouth,BOU,110034,F,F,701,701,701,4,,417,B. Doak,ben-doak,https://fantraximg.com/assets/images/logos/sportsteam/epl/Bournemouth.png,,417,FA,Free Agent,,@BHA<br/>Mon 12:00PM,BHA,True,Mon 12:00PM,06c28,9.5,2.38,1%,0%,
072dz,Ben Hammond,,,NOT,Nottingham Forest,NOT,110105,D,D,703,703,703,5,,619,B. Hammond,ben-hammond,https://fantraximg.com/assets/images/logos/sportsteam/epl/Nottingham_Forest.png,,619,W <small>(Thu)</small>,"Waiver Wire - Off Thu Jan 22, 9:00 AM PST",,ARS 0<br/>@NOT 0 F,ARS 0,False,@NOT 0 F,06c2b,0,0,0%,0%,
06v0r,Ben Middlemas,,,SUN,Sunderland,SUN,110141,M,M,702,702,702,5,,702,B. Middlemas,ben-middlemas,https://fantraximg.com/assets/images/logos/sportsteam/epl/Sunderland.png,,702,W <small>(Thu)</small>,"Waiver Wire - Off Thu Jan 22, 9:00 AM PST",,CRY 1<br/>@SUN 2 F,CRY 1,False,@SUN 2 F,06c2c,0,0,0%,0%,
04e1e,Ben White,,,ARS,Arsenal,ARS,110000,D,D,703,703,703,,,271,B. White,ben-white,https://fantraximg.com/assets/images/logos/sportsteam/epl/Arsenal.png,,271,hogan_m,"1 - Yoro wizard, Harry! (hogan_m)",3uxxpgpemc719rep,ARS 0<br/>@NOT 0 F,ARS 0,False,@NOT 0 F,06c2b,65,10.83,63%,+24%,1.0
06qwh,Ben Winterburn,,,BOU,Bournemouth,BOU,110034,M,M,702,702,702,4,,844,B. Winterburn,ben-winterburn,https://fantraximg.com/assets/images/logos/sportsteam/epl/Bournemouth.png,,844,FA,Free Agent,,@BHA<br/>Mon 12:00PM,BHA,True,Mon 12:00PM,06c28,0,0,0%,0%,
06tf6,Bendito Mantato,,,MUN,Manchester United,MUN,110090,M,M,701,702,702,5,,454,B. Mantato,bendito-mantato,https://fantraximg.com/assets/images/logos/sportsteam/epl/Manchester_United.png,,454,W <small>(Thu)</small>,"Waiver Wire - Off Thu Jan 22, 9:00 AM PST",,MCI 0<br/>@MUN 2 F,MCI 0,False,@MUN 2 F,06c2a,2,2,0%,0%,
06kwh,Benjamin Arthur,,,BRF,Brentford,BRF,110237,D,D,703,703,703,5,,498,B. Arthur,benjamin-arthur,https://fantraximg.com/assets/images/logos/sportsteam/epl/Brentford.png,,498,W <small>(Thu)</small>,"Waiver Wire - Off Thu Jan 22, 9:00 AM PST",,BRF 0<br/>@CHE 2 F,BRF 0,False,@CHE 2 F,06c29,0,0,0%,0%,
06zbw,Benjamin Lecomte,,,FUL,Fulham,FUL,110063,G,G,704,704,704,5,,675,B. Lecomte,benjamin-lecomte,https://fantraximg.com/assets/images/logos/sportsteam/epl/Fulham.png,,675,W <small>(Thu)</small>,"Waiver Wire - Off Thu Jan 22, 9:00 AM PST",,FUL 0<br/>@LEE 1 F,FUL 0,False,@LEE 1 F,06c79,0,0,0%,0%,
06zxy,Benjamin Sesko,,,MUN,Manchester United,MUN,110090,F,F,701,701,701,,,138,B. Sesko,benjamin-sesko,https://fantraximg.com/assets/images/logos/sportsteam/epl/Manchester_United.png,,138,aokel,1 - Danny Carve a Hole (aokelly94),3soymulymc719reo,MCI 0<br/>@MUN 2 F,MCI 0,False,@MUN 2 F,06c2a,127,7.47,83%,+3%,1.0
06804,Benoit Badiashile,,,CHE,Chelsea,CHE,110040,D,D,703,703,703,5,,423,B. Badiashile,benoit-badiashile,https://fantraximg.com/assets/images/logos/sportsteam/epl/Chelsea.png,,423,W <small>(Thu)</small>,"Waiver Wire - Off Thu Jan 22, 9:00 AM PST",,BRF 0<br/>@CHE 2 F,BRF 0,False,@CHE 2 F,06c29,7.5,1.25,1%,0%,
06c4p,Benson Manuel,,,BUR,Burnley,BUR,110223,F,F,701,701,701,5,,685,B. Manuel,benson-manuel,https://fantraximg.com/assets/images/logos/sportsteam/epl/Burnley_3.png,,685,W <small>(Thu)</small>,"Waiver Wire - Off Thu Jan 22, 9:00 AM PST",,BUR 1<br/>@LIV 1 F,BUR 1,False,@LIV 1 F,06c7a,0,0,0%,0%,
04fk6,Bernardo Silva,,,MCI,Manchester City,MCI,110080,M,M,702,702,702,,,224,Bernardo Silva,bernardo-mota-veiga-de-carvalho-e-silva,https://fantraximg.com/assets/images/logos/sportsteam/epl/Manchester_City.png,,224,zach0,1 - Start Dowman (zach082826),5kp58voomc719rep,MCI 0<br/>@MUN 2 F,MCI 0,False,@MUN 2 F,06c2a,83.25,3.78,63%,-1%,-1.0
04qor,Bernd Leno,,,FUL,Fulham,FUL,110063,G,G,704,704,704,5,,103,B. Leno,bernd-leno,https://fantraximg.com/assets/images/logos/sportsteam/epl/Fulham.png,,103,W <small>(Thu)</small>,"Waiver Wire - Off Thu Jan 22, 9:00 AM PST",,FUL 0<br/>@LEE 1 F,FUL 0,False,@LEE 1 F,06c79,149.25,6.78,39%,+4%,1.0
035n1,Bertrand Traore,,,SUN,Sunderland,SUN,110141,M,M,701,702,702,5,,260,B. Traore,bertrand-traore,https://fantraximg.com/assets/images/logos/sportsteam/epl/Sunderland.png,,260,W <small>(Thu)</small>,"Waiver Wire - Off Thu Jan 22, 9:00 AM PST",,CRY 1<br/>@SUN 2 F,CRY 1,False,@SUN 2 F,06c2c,68,6.8,2%,0%,
06fvn,Beto,,,EVE,Everton,EVE,110050,F,F,701,701,701,4,,268,Beto,norberto-bercique-gomes-betuncal,https://fantraximg.com/assets/images/logos/sportsteam/epl/Everton.png,,268,FA,Free Agent,,@AVL<br/>Sun 8:30AM,AVL,True,Sun 8:30AM,06c27,66,3.14,25%,-2%,-1.0
06v0e,Blondy Nna Noukeu,,,SUN,Sunderland,SUN,110141,G,G,704,704,704,5,,722,B. Nna Noukeu,blondy-nna-noukeu,https://fantraximg.com/assets/images/logos/sportsteam/epl/Sunderland.png,,722,W <small>(Thu)</small>,"Waiver Wire - Off Thu Jan 22, 9:00 AM PST",,CRY 1<br/>@SUN 2 F,CRY 1,False,@SUN 2 F,06c2c,0,0,0%,0%,
06yey,Borna Sosa,,,CRY,Crystal Palace,CRY,110045,D,D,703,703,703,5,,444,B. Sosa,borna-sosa,https://fantraximg.com/assets/images/logos/sportsteam/epl/Crystal_Palace.png,,444,W <small>(Thu)</small>,"Waiver Wire - Off Thu Jan 22, 9:00 AM PST",,CRY 1<br/>@SUN 2 F,CRY 1,False,@SUN 2 F,06c2c,3.5,0.88,1%,0%,
061va,Boubacar Kamara,,,AVL,Aston Villa,AVL,110011,M,M,702,702,702,4,,122,B. Kamara,boubacar-kamara,https://fantraximg.com/assets/images/logos/sportsteam/epl/Aston_Villa.png,,122,FA,Free Agent,,EVE<br/>Sun 8:30AM,EVE,False,Sun 8:30AM,06c27,135.5,7.53,32%,-9%,-1.0
06r7l,Bradley Burrowes,,,AVL,Aston Villa,AVL,110011,M,M,702,702,702,4,,535,B. Burrowes,bradley-burrowes,https://fantraximg.com/assets/images/logos/sportsteam/epl/Aston_Villa.png,,535,FA,Free Agent,,EVE<br/>Sun 8:30AM,EVE,False,Sun 8:30AM,06c27,0,0,0%,0%,
072iu,Braiden Graham,,,EVE,Everton,EVE,110050,F,F,701,701,701,4,,609,B. Graham,braiden-graham,https://fantraximg.com/assets/images/logos/sportsteam/epl/Everton.png,,609,FA,Free Agent,,@AVL<br/>Sun 8:30AM,AVL,True,Sun 8:30AM,06c27,0,0,0%,0%,
06p5s,Brajan Gruda,,,BHA,Brighton,BHA,110240,M,M,702,702,702,,,246,B. Gruda,brajan-gruda,https://fantraximg.com/assets/images/logos/sportsteam/epl/Brighton_and_Hove_Albion.png,,246,hogan_m,"1 - Yoro wizard, Harry! (hogan_m)",3uxxpgpemc719rep,BOU<br/>Mon 12:00PM,BOU,False,Mon 12:00PM,06c28,71.5,4.21,18%,+1%,1.0
04gyd,Brandon Austin,,,TOT,Tottenham Hotspur,TOT,110160,G,G,704,704,704,5,,501,B. Austin,brandon-austin,https://fantraximg.com/assets/images/logos/sportsteam/epl/Tottenham_Hotspur.png,,501,W <small>(Thu)</small>,"Waiver Wire - Off Thu Jan 22, 9:00 AM PST",,WHU 2<br/>@TOT 1 F,WHU 2,False,@TOT 1 F,06c2d,0,0,0%,0%,
071xf,Brandon Pouani,,,BUR,Burnley,BUR,110223,F,F,701,701,701,5,,753,B. Pouani,brandon-pouani,https://fantraximg.com/assets/images/logos/sportsteam/epl/Burnley_3.png,,753,W <small>(Thu)</small>,"Waiver Wire - Off Thu Jan 22, 9:00 AM PST",,BUR 1<br/>@LIV 1 F,BUR 1,False,@LIV 1 F,06c7a,0,0,0%,0%,
061vp,Brenden Aaronson,,,LEE,Leeds United,LEE,110261,M,M,702,702,702,,,60,B. Aaronson,brenden-aaronson,https://fantraximg.com/assets/images/logos/sportsteam/epl/Leeds_United2.png,,60,aokel,1 - Danny Carve a Hole (aokelly94),3soymulymc719reo,FUL 0<br/>@LEE 1 F,FUL 0,False,@LEE 1 F,06c79,183.5,8.74,76%,+18%,1.0
061ya,Brennan Johnson,,,CRY,Crystal Palace,CRY,110045,F,F,701,701,701,,,280,B. Johnson,brennan-johnson,https://fantraximg.com/assets/images/logos/sportsteam/epl/Crystal_Palace.png,,280,josht,1 - Dark Arts FC (joshtradamus),h61uavhqmc719rep,CRY 1<br/>@SUN 2 F,CRY 1,False,@SUN 2 F,06c2c,61.25,3.22,81%,-4%,-1.0
070hc,Brian Brobbey,,,SUN,Sunderland,SUN,110141,F,F,701,701,701,,,228,B. Brobbey,brian-brobbey,https://fantraximg.com/assets/images/logos/sportsteam/epl/Sunderland.png,,228,aokel,1 - Danny Carve a Hole (aokelly94),3soymulymc719reo,CRY 1<br/>@SUN 2 F,CRY 1,False,@SUN 2 F,06c2c,81.5,4.79,16%,+1%,1.0
072mq,Brian Madjo,,,AVL,Aston Villa,AVL,110011,F,F,701,701,701,4,,682,B. Madjo,brian-madjo,https://fantraximg.com/assets/images/logos/sportsteam/epl/Aston_Villa.png,,682,FA,Free Agent,,EVE<br/>Sun 8:30AM,EVE,False,Sun 8:30AM,06c27,0,0,0%,0%,
05gcr,Bruno Fernandes,,,MUN,Manchester United,MUN,110090,M,M,702,702,702,,,2,Bruno Fernandes,bruno-miguel-borges-fernandes,https://fantraximg.com/assets/images/logos/sportsteam/epl/Manchester_United.png,,2,DFFC,1 - Darth Fernandes FC (jacobnorman14),ew8egddsmc719rep,MCI 0<br/>@MUN 2 F,MCI 0,False,@MUN 2 F,06c2a,307,16.16,100%,0%,
05ylj,Bruno Guimaraes,,,NEW,Newcastle United,NEW,110101,M,M,702,702,702,,,9,Bruno Guimaraes,bruno-guimaraes-rodriguez-moura,https://fantraximg.com/assets/images/logos/sportsteam/epl/Newcastle_United.png,2,9,aokel,1 - Danny Carve a Hole (aokelly94),3soymulymc719reo,@WOL<br/>Sun 6:00AM,WOL,True,Sun 6:00AM,06c2e,245.25,12.26,100%,0%,
05uh9,Bryan Gil,,,TOT,Tottenham Hotspur,TOT,110160,F,F,701,701,701,5,,601,B. Gil,bryan-gil,https://fantraximg.com/assets/images/logos/sportsteam/epl/Tottenham_Hotspur.png,,601,W <small>(Thu)</small>,"Waiver Wire - Off Thu Jan 22, 9:00 AM PST",,WHU 2<br/>@TOT 1 F,WHU 2,False,@TOT 1 F,06c2d,0,0,0%,0%,
05trb,Bryan Mbeumo,,,MUN,Manchester United,MUN,110090,F,F,701,701,701,,,40,B. Mbeumo,bryan-mbeumo,https://fantraximg.com/assets/images/logos/sportsteam/epl/Manchester_United.png,,40,ramgo,1 - Troy McClure's Fish Fetish (ramgorn),xwd21t85mc719rep,MCI 0<br/>@MUN 2 F,MCI 0,False,@MUN 2 F,06c2a,195.75,11.51,100%,0%,
04y92,Bukayo Saka,,,ARS,Arsenal,ARS,110000,M,M,701,702,702,,,6,B. Saka,bukayo-saka,https://fantraximg.com/assets/images/logos/sportsteam/epl/Arsenal.png,,6,kinge,1 - Boomsakalaka (kingeric7.),4w3svguhmc719rep,ARS 0<br/>@NOT 0 F,ARS 0,False,@NOT 0 F,06c2b,273.5,13.68,100%,0%,
06nvb,Caleb Kporha,,,CRY,Crystal Palace,CRY,110045,D,D,703,703,703,5,,667,C. Kporha,caleb-kporha,https://fantraximg.com/assets/images/logos/sportsteam/epl/Crystal_Palace.png,,667,W <small>(Thu)</small>,"Waiver Wire - Off Thu Jan 22, 9:00 AM PST",,CRY 1<br/>@SUN 2 F,CRY 1,False,@SUN 2 F,06c2c,0,0,0%,0%,
06nbq,Caleb Wiley,,,CHE,Chelsea,CHE,110040,D,D,703,703,703,5,,837,C. Wiley,caleb-wiley,https://fantraximg.com/assets/images/logos/sportsteam/epl/Chelsea.png,,837,W <small>(Thu)</small>,"Waiver Wire - Off Thu Jan 22, 9:00 AM PST",,BRF 0<br/>@CHE 2 F,BRF 0,False,@CHE 2 F,06c29,0,0,0%,0%,
06jgu,Callan McKenna,,,BOU,Bournemouth,BOU,110034,G,G,704,704,704,4,,693,C. McKenna,callan-mckenna,https://fantraximg.com/assets/images/logos/sportsteam/epl/Bournemouth.png,,693,FA,Free Agent,,@BHA<br/>Mon 12:00PM,BHA,True,Mon 12:00PM,06c28,0,0,0%,0%,
06qqm,Callum Bates,,,EVE,Everton,EVE,110050,M,M,702,702,702,4,,511,C. Bates,callum-bates,https://fantraximg.com/assets/images/logos/sportsteam/epl/Everton.png,,511,FA,Free Agent,,@AVL<br/>Sun 8:30AM,AVL,True,Sun 8:30AM,06c27,0,0,0%,0%,
04mi4,Callum Hudson-Odoi,,,NOT,Nottingham Forest,NOT,110105,F,F,701,701,701,,,137,C. Hudson-Odoi,callum-hudson-odoi,https://fantraximg.com/assets/images/logos/sportsteam/epl/Nottingham_Forest.png,,137,plist,1 - Baby Jesus (plisterud),4kktj7fqmc719rep,ARS 0<br/>@NOT 0 F,ARS 0,False,@NOT 0 F,06c2b,128.75,6.44,74%,-3%,-1.0
06hcm,Callum Marshall,,,WHU,West Ham United,WHU,110175,F,F,701,701,701,5,,451,C. Marshall,callum-marshall,https://fantraximg.com/assets/images/logos/sportsteam/epl/West_Ham_United.png,,451,W <small>(Thu)</small>,"Waiver Wire - Off Thu Jan 22, 9:00 AM PST",,WHU 2<br/>@TOT 1 F,WHU 2,False,@TOT 1 F,06c2d,2.5,1.25,0%,0%,
06qq8,Callum Olusesi,,,TOT,Tottenham Hotspur,TOT,110160,M,M,702,702,702,5,,733,C. Olusesi,callum-olusesi,https://fantraximg.com/assets/images/logos/sportsteam/epl/Tottenham_Hotspur.png,,733,W <small>(Thu)</small>,"Waiver Wire - Off Thu Jan 22, 9:00 AM PST",,WHU 2<br/>@TOT 1 F,WHU 2,False,@TOT 1 F,06c2d,0,0,0%,0%,
03r8x,Callum Wilson,,,WHU,West Ham United,WHU,110175,F,F,701,701,701,5,,185,C. Wilson,callum-wilson,https://fantraximg.com/assets/images/logos/sportsteam/epl/West_Ham_United.png,,185,W <small>(Thu)</small>,"Waiver Wire - Off Thu Jan 22, 9:00 AM PST",,WHU 2<br/>@TOT 1 F,WHU 2,False,@TOT 1 F,06c2d,103,5.72,18%,-8%,-1.0
0554g,Calvin Bassey,,,FUL,Fulham,FUL,110063,D,D,703,703,703,5,,217,C. Bassey,calvin-bassey,https://fantraximg.com/assets/images/logos/sportsteam/epl/Fulham.png,,217,W <small>(Thu)</small>,"Waiver Wire - Off Thu Jan 22, 9:00 AM PST",,FUL 0<br/>@LEE 1 F,FUL 0,False,@LEE 1 F,06c79,85.5,5.34,6%,0%,
061z5,Calvin Ramsay,,,LIV,Liverpool,LIV,110070,D,D,703,703,703,5,,761,C. Ramsay,calvin-ramsay,https://fantraximg.com/assets/images/logos/sportsteam/epl/Liverpool.png,,761,W <small>(Thu)</small>,"Waiver Wire - Off Thu Jan 22, 9:00 AM PST",,BUR 1<br/>@LIV 1 F,BUR 1,False,@LIV 1 F,06c7a,0,0,0%,0%,
045ob,Caoimhin Kelleher,,,BRF,Brentford,BRF,110237,G,G,704,704,704,,,59,C. Kelleher,caoimhin-kelleher,https://fantraximg.com/assets/images/logos/sportsteam/epl/Brentford.png,,59,josht,1 - Dark Arts FC (joshtradamus),h61uavhqmc719rep,BRF 0<br/>@CHE 2 F,BRF 0,False,@CHE 2 F,06c29,183.75,8.35,84%,+6%,1.0
06zc1,Carey Bloedorn,,,TOT,Tottenham Hotspur,TOT,110160,G,G,704,704,704,5,,523,C. Bloedorn,carey-bloedorn,https://fantraximg.com/assets/images/logos/sportsteam/epl/Tottenham_Hotspur.png,,523,W <small>(Thu)</small>,"Waiver Wire - Off Thu Jan 22, 9:00 AM PST",,WHU 2<br/>@TOT 1 F,WHU 2,False,@TOT 1 F,06c2d,0,0,0%,0%,
0687c,Carlos Alcaraz,,,EVE,Everton,EVE,110050,M,M,702,702,702,4,,301,C. Alcaraz,carlos-alcaraz,https://fantraximg.com/assets/images/logos/sportsteam/epl/Everton.png,,301,FA,Free Agent,,@AVL<br/>Sun 8:30AM,AVL,True,Sun 8:30AM,06c27,52.75,3.52,26%,-1%,-1.0
06fwi,Carlos Baleba,,,BHA,Brighton,BHA,110240,M,M,702,702,702,4,,323,C. Baleba,carlos-baleba,https://fantraximg.com/assets/images/logos/sportsteam/epl/Brighton_and_Hove_Albion.png,,323,FA,Free Agent,,BOU<br/>Mon 12:00PM,BOU,False,Mon 12:00PM,06c28,42,2.62,17%,0%,
06mx2,Carlos Miguel,,,NOT,Nottingham Forest,NOT,110105,G,G,704,704,704,5,,855,Carlos Miguel,carlos-miguel-dos-santos-pereira,https://fantraximg.com/assets/images/logos/sportsteam/epl/Nottingham_Forest.png,,855,W <small>(Thu)</small>,"Waiver Wire - Off Thu Jan 22, 9:00 AM PST",,ARS 0<br/>@NOT 0 F,ARS 0,False,@NOT 0 F,06c2b,0,0,0%,0%,
05re5,Carney Chukwuemeka,,,CHE,Chelsea,CHE,110040,M,M,702,702,702,5,,552,C. Chukwuemeka,carney-chukwuemeka,https://fantraximg.com/assets/images/logos/sportsteam/epl/Chelsea.png,,552,W <small>(Thu)</small>,"Waiver Wire - Off Thu Jan 22, 9:00 AM PST",,BRF 0<br/>@CHE 2 F,BRF 0,False,@CHE 2 F,06c29,0,0,0%,0%,
072ce,Carter Pinnington,,,LIV,Liverpool,LIV,110070,D,D,703,703,703,5,,751,C. Pinnington,carter-pinnington,https://fantraximg.com/assets/images/logos/sportsteam/epl/Liverpool.png,,751,W <small>(Thu)</small>,"Waiver Wire - Off Thu Jan 22, 9:00 AM PST",,BUR 1<br/>@LIV 1 F,BUR 1,False,@LIV 1 F,06c7a,0,0,0%,0%,
0642l,Casemiro,,,MUN,Manchester United,MUN,110090,M,M,702,702,702,,,76,Casemiro,carlos-henrique-casimiro,https://fantraximg.com/assets/images/logos/sportsteam/epl/Manchester_United.png,,76,plist,1 - Baby Jesus (plisterud),4kktj7fqmc719rep,MCI 0<br/>@MUN 2 F,MCI 0,False,@MUN 2 F,06c2a,171.5,8.57,66%,-1%,-1.0
06mnn,Chadi Riad,,,CRY,Crystal Palace,CRY,110045,D,D,703,703,703,5,,765,C. Riad,chadi-riad,https://fantraximg.com/assets/images/logos/sportsteam/epl/Crystal_Palace.png,,765,W <small>(Thu)</small>,"Waiver Wire - Off Thu Jan 22, 9:00 AM PST",,CRY 1<br/>@SUN 2 F,CRY 1,False,@SUN 2 F,06c2c,0,0,0%,0%,
06xzd,Charalampos Kostoulas,,,BHA,Brighton,BHA,110240,F,F,701,701,701,4,,307,C. Kostoulas,charalampos-kostoulas,https://fantraximg.com/assets/images/logos/sportsteam/epl/Brighton_and_Hove_Albion.png,,307,FA,Free Agent,,BOU<br/>Mon 12:00PM,BOU,False,Mon 12:00PM,06c28,49.25,4.48,6%,-1%,-1.0
066se,Charles Sagoe Junior,,,ARS,Arsenal,ARS,110000,F,F,701,701,701,5,,780,C. Sagoe Junior,charles-sagoe-junior,https://fantraximg.com/assets/images/logos/sportsteam/epl/Arsenal.png,,780,W <small>(Thu)</small>,"Waiver Wire - Off Thu Jan 22, 9:00 AM PST",,ARS 0<br/>@NOT 0 F,ARS 0,False,@NOT 0 F,06c2b,0,0,0%,0%,
06xzf,Charlie Crew,,,LEE,Leeds United,LEE,110261,M,M,702,702,702,5,,562,C. Crew,charlie-crew,https://fantraximg.com/assets/images/logos/sportsteam/epl/Leeds_United2.png,,562,W <small>(Thu)</small>,"Waiver Wire - Off Thu Jan 22, 9:00 AM PST",,FUL 0<br/>@LEE 1 F,FUL 0,False,@LEE 1 F,06c79,0,0,0%,0%,
072ht,Charlie Gray,,,MCI,Manchester City,MCI,110080,M,M,702,702,702,5,,610,C. Gray,charlie-gray,https://fantraximg.com/assets/images/logos/sportsteam/epl/Manchester_City.png,,610,W <small>(Thu)</small>,"Waiver Wire - Off Thu Jan 22, 9:00 AM PST",,MCI 0<br/>@MUN 2 F,MCI 0,False,@MUN 2 F,06c2a,0,0,0%,0%,
06rwp,Charlie Tasker,,,BHA,Brighton,BHA,110240,D,D,703,703,703,4,,810,C. Tasker,charlie-tasker,https://fantraximg.com/assets/images/logos/sportsteam/epl/Brighton_and_Hove_Albion.png,,810,FA,Free Agent,,BOU<br/>Mon 12:00PM,BOU,False,Mon 12:00PM,06c28,0,0,0%,0%,
062ot,Cheick Doucoure,,,CRY,Crystal Palace,CRY,110045,M,M,702,702,702,5,,579,C. Doucoure,cheick-doucoure,https://fantraximg.com/assets/images/logos/sportsteam/epl/Crystal_Palace.png,,579,W <small>(Thu)</small>,"Waiver Wire - Off Thu Jan 22, 9:00 AM PST",,CRY 1<br/>@SUN 2 F,CRY 1,False,@SUN 2 F,06c2c,0,0,1%,0%,
06ybq,Chemsdine Talbi,,,SUN,Sunderland,SUN,110141,F,F,701,701,701,5,,254,C. Talbi,chemsdine-talbi,https://fantraximg.com/assets/images/logos/sportsteam/epl/Sunderland.png,,254,W <small>(Thu)</small>,"Waiver Wire - Off Thu Jan 22, 9:00 AM PST",,CRY 1<br/>@SUN 2 F,CRY 1,False,@SUN 2 F,06c2c,69.5,4.34,5%,0%,
06roj,Chido Obi-Martin,,,MUN,Manchester United,MUN,110090,F,F,701,701,701,5,,728,C. Obi-Martin,chido-obi-martin,https://fantraximg.com/assets/images/logos/sportsteam/epl/Manchester_United.png,,728,W <small>(Thu)</small>,"Waiver Wire - Off Thu Jan 22, 9:00 AM PST",,MCI 0<br/>@MUN 2 F,MCI 0,False,@MUN 2 F,06c2a,0,0,1%,0%,
04ylt,Chris Mepham,,,BOU,Bournemouth,BOU,110034,D,D,703,703,703,4,,697,C. Mepham,chris-mepham,https://fantraximg.com/assets/images/logos/sportsteam/epl/Bournemouth.png,,697,FA,Free Agent,,@BHA<br/>Mon 12:00PM,BHA,True,Mon 12:00PM,06c28,0,0,0%,0%,
0635j,Chris Richards,,,CRY,Crystal Palace,CRY,110045,D,D,703,703,703,,,55,C. Richards,chris-richards,https://fantraximg.com/assets/images/logos/sportsteam/epl/Crystal_Palace.png,,55,kinge,1 - Boomsakalaka (kingeric7.),4w3svguhmc719rep,CRY 1<br/>@SUN 2 F,CRY 1,False,@SUN 2 F,06c2c,188,10.44,86%,+4%,1.0
06v0l,Chris Rigg,,,SUN,Sunderland,SUN,110141,M,M,702,702,702,5,,398,C. Rigg,chris-rigg,https://fantraximg.com/assets/images/logos/sportsteam/epl/Sunderland.png,,398,W <small>(Thu)</small>,"Waiver Wire - Off Thu Jan 22, 9:00 AM PST",,CRY 1<br/>@SUN 2 F,CRY 1,False,@SUN 2 F,06c2c,17,1.7,1%,0%,
02m5b,Chris Wood,,,NOT,Nottingham Forest,NOT,110105,F,F,701,701,701,5,,316,C. Wood,chris-wood,https://fantraximg.com/assets/images/logos/sportsteam/epl/Nottingham_Forest.png,,316,W <small>(Thu)</small>,"Waiver Wire - Off Thu Jan 22, 9:00 AM PST",,ARS 0<br/>@NOT 0 F,ARS 0,False,@NOT 0 F,06c2b,44.75,5.59,46%,-4%,-1.0
070hh,Christantus Uche,,,CRY,Crystal Palace,CRY,110045,M,M,702,702,702,5,,404,C. Uche,christantus-uche,https://fantraximg.com/assets/images/logos/sportsteam/epl/Crystal_Palace.png,,404,W <small>(Thu)</small>,"Waiver Wire - Off Thu Jan 22, 9:00 AM PST",,CRY 1<br/>@SUN 2 F,CRY 1,False,@SUN 2 F,06c2c,13.75,1.38,1%,0%,
05tr8,Christian Norgaard,,,ARS,Arsenal,ARS,110000,M,M,702,702,702,5,,440,C. Norgaard,christian-norgaard,https://fantraximg.com/assets/images/logos/sportsteam/epl/Arsenal.png,,440,W <small>(Thu)</small>,"Waiver Wire - Off Thu Jan 22, 9:00 AM PST",,ARS 0<br/>@NOT 0 F,ARS 0,False,@NOT 0 F,06c2b,5,1.67,8%,0%,
06cm0,Christopher Nkunku,,,CHE,Chelsea,CHE,110040,F,F,701,701,701,5,,721,C. Nkunku,christopher-nkunku,https://fantraximg.com/assets/images/logos/sportsteam/epl/Chelsea.png,,721,W <small>(Thu)</small>,"Waiver Wire - Off Thu Jan 22, 9:00 AM PST",,BRF 0<br/>@CHE 2 F,BRF 0,False,@CHE 2 F,06c29,0,0,1%,0%,
06kyw,Claudio Echeverri,,,MCI,Manchester City,MCI,110080,M,M,702,702,702,5,,582,C. Echeverri,claudio-echeverri,https://fantraximg.com/assets/images/logos/sportsteam/epl/Manchester_City.png,,582,W <small>(Thu)</small>,"Waiver Wire - Off Thu Jan 22, 9:00 AM PST",,MCI 0<br/>@MUN 2 F,MCI 0,False,@MUN 2 F,06c2a,0,0,1%,0%,
067yv,Cody Gakpo,,,LIV,Liverpool,LIV,110070,F,F,701,701,701,,,47,C. Gakpo,cody-gakpo,https://fantraximg.com/assets/images/logos/sportsteam/epl/Liverpool.png,,47,ideso,1 - Cucu Diddler Rella (idesofmarz),e1zcwbwfmc719rep,BUR 1<br/>@LIV 1 F,BUR 1,False,@LIV 1 F,06c7a,192.75,9.64,100%,+1%,1.0
05l8q,Cole Palmer,,,CHE,Chelsea,CHE,110040,M,M,702,702,702,,,197,C. Palmer,cole-palmer,https://fantraximg.com/assets/images/logos/sportsteam/epl/Chelsea.png,,197,ideso,1 - Cucu Diddler Rella (idesofmarz),e1zcwbwfmc719rep,BRF 0<br/>@CHE 2 F,BRF 0,False,@CHE 2 F,06c29,91.5,7.62,100%,0%,
04azm,Connor Roberts,,,BUR,Burnley,BUR,110223,D,D,703,703,703,5,,768,C. Roberts,connor-roberts,https://fantraximg.com/assets/images/logos/sportsteam/epl/Burnley_3.png,,768,W <small>(Thu)</small>,"Waiver Wire - Off Thu Jan 22, 9:00 AM PST",,BUR 1<br/>@LIV 1 F,BUR 1,False,@LIV 1 F,06c7a,0,0,0%,0%,
05uhj,Conor Bradley,,,LIV,Liverpool,LIV,110070,D,D,703,703,703,5,,215,C. Bradley,conor-bradley,https://fantraximg.com/assets/images/logos/sportsteam/epl/Liverpool.png,,215,W <small>(Thu)</small>,"Waiver Wire - Off Thu Jan 22, 9:00 AM PST",,BUR 1<br/>@LIV 1 F,BUR 1,False,@LIV 1 F,06c7a,85.75,5.72,26%,-21%,-1.0
051k8,Conor Gallagher,,,TOT,Tottenham Hotspur,TOT,110160,M,M,702,702,702,5,,428,C. Gallagher,conor-gallagher,https://fantraximg.com/assets/images/logos/sportsteam/epl/Tottenham_Hotspur.png,,428,W <small>(Thu)</small>,"Waiver Wire - Off Thu Jan 22, 9:00 AM PST",,WHU 2<br/>@TOT 1 F,WHU 2,False,@TOT 1 F,06c2d,7,7,45%,+45%,1.0
06zbm,Cristhian Mosquera,,,ARS,Arsenal,ARS,110000,D,D,703,703,703,5,,355,C. Mosquera,cristhian-mosquera,https://fantraximg.com/assets/images/logos/sportsteam/epl/Arsenal.png,,355,W <small>(Thu)</small>,"Waiver Wire - Off Thu Jan 22, 9:00 AM PST",,ARS 0<br/>@NOT 0 F,ARS 0,False,@NOT 0 F,06c2b,31.75,3.17,3%,-1%,-1.0
05uoc,Cristian Romero,,,TOT,Tottenham Hotspur,TOT,110160,D,D,703,703,703,,,44,C. Romero,cristian-romero,https://fantraximg.com/assets/images/logos/sportsteam/epl/Tottenham_Hotspur.png,,44,plist,1 - Baby Jesus (plisterud),4kktj7fqmc719rep,WHU 2<br/>@TOT 1 F,WHU 2,False,@TOT 1 F,06c2d,194,10.78,95%,+6%,1.0
05rl4,Crysencio Summerville,,,WHU,West Ham United,WHU,110175,M,M,701,702,702,5,,184,C. Summerville,crysencio-summerville,https://fantraximg.com/assets/images/logos/sportsteam/epl/West_Ham_United.png,,184,W <small>(Thu)</small>,"Waiver Wire - Off Thu Jan 22, 9:00 AM PST",,WHU 2<br/>@TOT 1 F,WHU 2,False,@TOT 1 F,06c2d,103.5,6.09,23%,+2%,1.0
04o82,Curtis Jones,,,LIV,Liverpool,LIV,110070,M,M,702,702,702,5,,205,C. Jones,curtis-jones,https://fantraximg.com/assets/images/logos/sportsteam/epl/Liverpool.png,,205,W <small>(Thu)</small>,"Waiver Wire - Off Thu Jan 22, 9:00 AM PST",,BUR 1<br/>@LIV 1 F,BUR 1,False,@LIV 1 F,06c7a,89.25,4.7,22%,+2%,1.0
06mnc,Daichi Kamada,,,CRY,Crystal Palace,CRY,110045,M,M,702,702,702,5,,201,D. Kamada,daichi-kamada,https://fantraximg.com/assets/images/logos/sportsteam/epl/Crystal_Palace.png,,201,W <small>(Thu)</small>,"Waiver Wire - Off Thu Jan 22, 9:00 AM PST",,CRY 1<br/>@SUN 2 F,CRY 1,False,@SUN 2 F,06c2c,90,6.43,9%,-1%,-1.0
02lsa,Dan Burn,,,NEW,Newcastle United,NEW,110101,D,D,703,703,703,4,,94,D. Burn,dan-burn,https://fantraximg.com/assets/images/logos/sportsteam/epl/Newcastle_United.png,,94,FA,Free Agent,,@WOL<br/>Sun 6:00AM,WOL,True,Sun 6:00AM,06c2e,153.5,10.23,77%,+1%,1.0
06zna,Dan Ndoye,,,NOT,Nottingham Forest,NOT,110105,F,F,701,701,701,5,,229,D. Ndoye,dan-ndoye,https://fantraximg.com/assets/images/logos/sportsteam/epl/Nottingham_Forest.png,,229,W <small>(Thu)</small>,"Waiver Wire - Off Thu Jan 22, 9:00 AM PST",,ARS 0<br/>@NOT 0 F,ARS 0,False,@NOT 0 F,06c2b,81.5,5.09,27%,-3%,-1.0
06v0j,Dan Neil,,,SUN,Sunderland,SUN,110141,M,M,702,702,702,5,,462,D. Neil,dan-neil,https://fantraximg.com/assets/images/logos/sportsteam/epl/Sunderland.png,,462,W <small>(Thu)</small>,"Waiver Wire - Off Thu Jan 22, 9:00 AM PST",,CRY 1<br/>@SUN 2 F,CRY 1,False,@SUN 2 F,06c2c,1.25,0.42,0%,0%,
05nip,Dane Scarlett,,,TOT,Tottenham Hotspur,TOT,110160,F,F,701,701,701,5,,858,D. Scarlett,dane-scarlett,https://fantraximg.com/assets/images/logos/sportsteam/epl/Tottenham_Hotspur.png,,858,W <small>(Thu)</small>,"Waiver Wire - Off Thu Jan 22, 9:00 AM PST",,WHU 2<br/>@TOT 1 F,WHU 2,False,@TOT 1 F,06c2d,-0.5,-0.5,0%,0%,
068lx,Dango Ouattara,,,BRF,Brentford,BRF,110237,M,M,701,702,702,,,142,D. Ouattara,dango-ouattara,https://fantraximg.com/assets/images/logos/sportsteam/epl/Brentford.png,,142,hogan_m,"1 - Yoro wizard, Harry! (hogan_m)",3uxxpgpemc719rep,BRF 0<br/>@CHE 2 F,BRF 0,False,@CHE 2 F,06c29,126,7.88,82%,+3%,1.0
067y2,Daniel Adu-Addei,,,BOU,Bournemouth,BOU,110034,F,F,701,701,701,4,,478,D. Adu-Addei,daniel-adu-addei,https://fantraximg.com/assets/images/logos/sportsteam/epl/Bournemouth.png,,478,FA,Free Agent,,@BHA<br/>Mon 12:00PM,BHA,True,Mon 12:00PM,06c28,0,0,0%,0%,
02lo6,Daniel Bentley,,,WOL,Wolverhampton,WOL,110191,G,G,704,704,704,4,,514,D. Bentley,daniel-bentley,https://fantraximg.com/assets/images/logos/sportsteam/epl/Wolverhampton_Wanderers.png,,514,FA,Free Agent,,NEW<br/>Sun 6:00AM,NEW,False,Sun 6:00AM,06c2e,0,0,0%,0%,
03yr0,Daniel James,,,LEE,Leeds United,LEE,110261,M,M,702,702,702,5,,359,D. James,daniel-james,https://fantraximg.com/assets/images/logos/sportsteam/epl/Leeds_United2.png,,359,W <small>(Thu)</small>,"Waiver Wire - Off Thu Jan 22, 9:00 AM PST",,FUL 0<br/>@LEE 1 F,FUL 0,False,@LEE 1 F,06c79,30.25,3.02,18%,0%,
06jgi,Daniel Munoz,,,CRY,Crystal Palace,CRY,110045,D,D,703,703,703,,,51,D. Munoz,daniel-munoz,https://fantraximg.com/assets/images/logos/sportsteam/epl/Crystal_Palace.png,,51,DFFC,1 - Darth Fernandes FC (jacobnorman14),ew8egddsmc719rep,CRY 1<br/>@SUN 2 F,CRY 1,False,@SUN 2 F,06c2c,192.25,13.73,98%,+1%,1.0
05nns,Danny Ballard,,,SUN,Sunderland,SUN,110141,D,D,703,703,703,,,32,D. Ballard,danny-ballard,https://fantraximg.com/assets/images/logos/sportsteam/epl/Sunderland.png,,32,hogan_m,"1 - Yoro wizard, Harry! (hogan_m)",3uxxpgpemc719rep,CRY 1<br/>@SUN 2 F,CRY 1,False,@SUN 2 F,06c2c,206.5,11.47,78%,+2%,1.0
06kx0,Danny Imray,,,CRY,Crystal Palace,CRY,110045,D,D,703,703,703,5,,646,D. Imray,danny-imray,https://fantraximg.com/assets/images/logos/sportsteam/epl/Crystal_Palace.png,,646,W <small>(Thu)</small>,"Waiver Wire - Off Thu Jan 22, 9:00 AM PST",,CRY 1<br/>@SUN 2 F,CRY 1,False,@SUN 2 F,06c2c,0,0,0%,0%,
02lnx,Danny Welbeck,,,BHA,Brighton,BHA,110240,F,F,701,701,701,,,159,D. Welbeck,danny-welbeck,https://fantraximg.com/assets/images/logos/sportsteam/epl/Brighton_and_Hove_Albion.png,2,159,josht,1 - Dark Arts FC (joshtradamus),h61uavhqmc719rep,BOU<br/>Mon 12:00PM,BOU,False,Mon 12:00PM,06c28,118,5.9,74%,+2%,1.0
06q2g,Dante Cassanova,,,TOT,Tottenham Hotspur,TOT,110160,D,D,703,703,703,5,,547,D. Cassanova,dante-cassanova,https://fantraximg.com/assets/images/logos/sportsteam/epl/Tottenham_Hotspur.png,,547,W <small>(Thu)</small>,"Waiver Wire - Off Thu Jan 22, 9:00 AM PST",,WHU 2<br/>@TOT 1 F,WHU 2,False,@TOT 1 F,06c2d,0,0,0%,0%,
06uzv,Dario Essugo,,,CHE,Chelsea,CHE,110040,M,M,702,702,702,5,,548,Dario Essugo,dario-cassia-luis-essugo,https://fantraximg.com/assets/images/logos/sportsteam/epl/Chelsea.png,,548,W <small>(Thu)</small>,"Waiver Wire - Off Thu Jan 22, 9:00 AM PST",,BRF 0<br/>@CHE 2 F,BRF 0,False,@CHE 2 F,06c29,0,0,0%,0%,
06c4r,Darko Churlinov,,,BUR,Burnley,BUR,110223,F,F,701,701,701,5,,553,D. Churlinov,darko-churlinov,https://fantraximg.com/assets/images/logos/sportsteam/epl/Burnley_3.png,,553,W <small>(Thu)</small>,"Waiver Wire - Off Thu Jan 22, 9:00 AM PST",,BUR 1<br/>@LIV 1 F,BUR 1,False,@LIV 1 F,06c7a,0,0,0%,0%,
062du,Darko Gyabi,,,LEE,Leeds United,LEE,110261,M,M,702,702,702,5,,617,D. Gyabi,darko-gyabi,https://fantraximg.com/assets/images/logos/sportsteam/epl/Leeds_United2.png,,617,W <small>(Thu)</small>,"Waiver Wire - Off Thu Jan 22, 9:00 AM PST",,FUL 0<br/>@LEE 1 F,FUL 0,False,@LEE 1 F,06c79,0,0,0%,0%,
061x2,Darwin Nunez,,,LIV,Liverpool,LIV,110070,F,F,701,701,701,5,,724,D. Nunez,darwin-nunez,https://fantraximg.com/assets/images/logos/sportsteam/epl/Liverpool.png,,724,W <small>(Thu)</small>,"Waiver Wire - Off Thu Jan 22, 9:00 AM PST",,BUR 1<br/>@LIV 1 F,BUR 1,False,@LIV 1 F,06c7a,0,0,2%,0%,
04rh9,David Brooks,,,BOU,Bournemouth,BOU,110034,M,M,702,702,702,4,,163,D. Brooks,david-brooks,https://fantraximg.com/assets/images/logos/sportsteam/epl/Bournemouth.png,2,163,FA,Free Agent,,@BHA<br/>Mon 12:00PM,BHA,True,Mon 12:00PM,06c28,115.25,6.07,24%,+1%,1.0
06xzj,David Mota Veiga Teixeira do Carmo,,,NOT,Nottingham Forest,NOT,110105,D,D,703,703,703,5,,710,D. Mota Veiga Teixeira do Carmo,david-mota-veiga-teixeira-do-carmo,https://fantraximg.com/assets/images/logos/sportsteam/epl/Nottingham_Forest.png,,710,W <small>(Thu)</small>,"Waiver Wire - Off Thu Jan 22, 9:00 AM PST",,ARS 0<br/>@NOT 0 F,ARS 0,False,@NOT 0 F,06c2b,0,0,0%,0%,
06zqk,David Møller Wolfe,,,WOL,Wolverhampton,WOL,110191,D,D,703,703,703,4,,318,D. Møller Wolfe,david-moller-wolfe,https://fantraximg.com/assets/images/logos/sportsteam/epl/Wolverhampton_Wanderers.png,,318,FA,Free Agent,,NEW<br/>Sun 6:00AM,NEW,False,Sun 6:00AM,06c2e,44.25,3.16,2%,0%,
062ow,David Ozoh,,,CRY,Crystal Palace,CRY,110045,M,M,702,702,702,5,,739,D. Ozoh,david-ozoh,https://fantraximg.com/assets/images/logos/sportsteam/epl/Crystal_Palace.png,,739,W <small>(Thu)</small>,"Waiver Wire - Off Thu Jan 22, 9:00 AM PST",,CRY 1<br/>@SUN 2 F,CRY 1,False,@SUN 2 F,06c2c,0,0,0%,0%,
05tqx,David Raya,,,ARS,Arsenal,ARS,110000,G,G,704,704,704,,,89,D. Raya,david-raya,https://fantraximg.com/assets/images/logos/sportsteam/epl/Arsenal.png,,89,plist,1 - Baby Jesus (plisterud),4kktj7fqmc719rep,ARS 0<br/>@NOT 0 F,ARS 0,False,@NOT 0 F,06c2b,158.5,7.2,98%,+1%,1.0
06zod,Dean Benamar,,,CRY,Crystal Palace,CRY,110045,D,D,703,703,703,5,,512,D. Benamar,dean-benamar,https://fantraximg.com/assets/images/logos/sportsteam/epl/Crystal_Palace.png,,512,W <small>(Thu)</small>,"Waiver Wire - Off Thu Jan 22, 9:00 AM PST",,CRY 1<br/>@SUN 2 F,CRY 1,False,@SUN 2 F,06c2c,0,0,0%,0%,
03yww,Dean Henderson,,,CRY,Crystal Palace,CRY,110045,G,G,704,704,704,,,67,D. Henderson,dean-henderson,https://fantraximg.com/assets/images/logos/sportsteam/epl/Crystal_Palace.png,,67,zach0,1 - Start Dowman (zach082826),5kp58voomc719rep,CRY 1<br/>@SUN 2 F,CRY 1,False,@SUN 2 F,06c2c,179.25,8.15,87%,+4%,1.0
04agz,Declan Rice,,,ARS,Arsenal,ARS,110000,M,M,702,702,702,,,5,D. Rice,declan-rice,https://fantraximg.com/assets/images/logos/sportsteam/epl/Arsenal.png,,5,plist,1 - Baby Jesus (plisterud),4kktj7fqmc719rep,ARS 0<br/>@NOT 0 F,ARS 0,False,@NOT 0 F,06c2b,280.25,13.35,100%,0%,
05ylx,Dejan Kulusevski,,,TOT,Tottenham Hotspur,TOT,110160,M,M,702,702,702,5,,669,D. Kulusevski,dejan-kulusevski,https://fantraximg.com/assets/images/logos/sportsteam/epl/Tottenham_Hotspur.png,,669,W <small>(Thu)</small>,"Waiver Wire - Off Thu Jan 22, 9:00 AM PST",,WHU 2<br/>@TOT 1 F,WHU 2,False,@TOT 1 F,06c2d,0,0,42%,-3%,-1.0
05g4d,Dennis Cirkin,,,SUN,Sunderland,SUN,110141,D,D,703,703,703,5,,381,D. Cirkin,dennis-cirkin,https://fantraximg.com/assets/images/logos/sportsteam/epl/Sunderland.png,,381,W <small>(Thu)</small>,"Waiver Wire - Off Thu Jan 22, 9:00 AM PST",,CRY 1<br/>@SUN 2 F,CRY 1,False,@SUN 2 F,06c2c,22,4.4,1%,0%,
06ews,Dermot Mee,,,MUN,Manchester United,MUN,110090,G,G,704,704,704,5,,695,D. Mee,dermot-mee,https://fantraximg.com/assets/images/logos/sportsteam/epl/Manchester_United.png,,695,W <small>(Thu)</small>,"Waiver Wire - Off Thu Jan 22, 9:00 AM PST",,MCI 0<br/>@MUN 2 F,MCI 0,False,@MUN 2 F,06c2a,0,0,0%,0%,
063y7,Destiny Udogie,,,TOT,Tottenham Hotspur,TOT,110160,D,D,703,703,703,5,,356,Destiny Udogie,iyenoma-destiny-udogie,https://fantraximg.com/assets/images/logos/sportsteam/epl/Tottenham_Hotspur.png,,356,W <small>(Thu)</small>,"Waiver Wire - Off Thu Jan 22, 9:00 AM PST",,WHU 2<br/>@TOT 1 F,WHU 2,False,@TOT 1 F,06c2d,31.75,3.17,15%,0%,
06uyd,Diego Coppola,,,BHA,Brighton,BHA,110240,D,D,703,703,703,4,,387,D. Coppola,diego-coppola,https://fantraximg.com/assets/images/logos/sportsteam/epl/Brighton_and_Hove_Albion.png,,387,FA,Free Agent,,BOU<br/>Mon 12:00PM,BOU,False,Mon 12:00PM,06c28,19.25,3.85,1%,0%,
06r5b,Diego Gómez,,,BHA,Brighton,BHA,110240,M,M,702,702,702,4,,121,D. Gómez,diego-gomez,https://fantraximg.com/assets/images/logos/sportsteam/epl/Brighton_and_Hove_Albion.png,2,121,FA,Free Agent,,BOU<br/>Mon 12:00PM,BOU,False,Mon 12:00PM,06c28,135.5,7.13,40%,0%,
06yb8,Diego León,,,MUN,Manchester United,MUN,110090,D,D,703,703,703,5,,679,D. León,diego-leon,https://fantraximg.com/assets/images/logos/sportsteam/epl/Manchester_United.png,,679,W <small>(Thu)</small>,"Waiver Wire - Off Thu Jan 22, 9:00 AM PST",,MCI 0<br/>@MUN 2 F,MCI 0,False,@MUN 2 F,06c2a,0,0,0%,0%,
070hn,Dilane Bakwa,,,NOT,Nottingham Forest,NOT,110105,F,F,701,701,701,5,,353,D. Bakwa,dilane-bakwa,https://fantraximg.com/assets/images/logos/sportsteam/epl/Nottingham_Forest.png,,353,W <small>(Thu)</small>,"Waiver Wire - Off Thu Jan 22, 9:00 AM PST",,ARS 0<br/>@NOT 0 F,ARS 0,False,@NOT 0 F,06c2b,32.5,4.06,2%,-1%,-1.0
04qfz,Diogo Dalot,,,MUN,Manchester United,MUN,110090,D,D,703,703,703,,,65,Diogo Dalot,jose-diogo-dalot-teixeira,https://fantraximg.com/assets/images/logos/sportsteam/epl/Manchester_United.png,,65,hogan_m,"1 - Yoro wizard, Harry! (hogan_m)",3uxxpgpemc719rep,MCI 0<br/>@MUN 2 F,MCI 0,False,@MUN 2 F,06c2a,182,9.1,77%,-6%,-1.0
06zxx,Divine Mukasa,,,MCI,Manchester City,MCI,110080,M,M,702,702,702,5,,448,D. Mukasa,divine-mukasa,https://fantraximg.com/assets/images/logos/sportsteam/epl/Manchester_City.png,,448,W <small>(Thu)</small>,"Waiver Wire - Off Thu Jan 22, 9:00 AM PST",,MCI 0<br/>@MUN 2 F,MCI 0,False,@MUN 2 F,06c2a,3,1.5,1%,0%,
062ts,Djed Spence,,,TOT,Tottenham Hotspur,TOT,110160,D,D,703,703,703,5,,169,D. Spence,djed-spence,https://fantraximg.com/assets/images/logos/sportsteam/epl/Tottenham_Hotspur.png,,169,W <small>(Thu)</small>,"Waiver Wire - Off Thu Jan 22, 9:00 AM PST",,WHU 2<br/>@TOT 1 F,WHU 2,False,@TOT 1 F,06c2d,110.5,5.82,34%,-2%,-1.0
072o9,Djiamgone Jocelin Ta Bi,,,SUN,Sunderland,SUN,110141,F,F,701,701,701,5,,520,D. Bi,djiamgone-jocelin-ta-bi,https://fantraximg.com/assets/images/logos/sportsteam/epl/Sunderland.png,,520,W <small>(Thu)</small>,"Waiver Wire - Off Thu Jan 22, 9:00 AM PST",,CRY 1<br/>@SUN 2 F,CRY 1,False,@SUN 2 F,06c2c,0,0,0%,0%,
06fuw,Djordje Petrovic,,,BOU,Bournemouth,BOU,110034,G,G,704,704,704,4,,125,D. Petrovic,djordje-petrovic,https://fantraximg.com/assets/images/logos/sportsteam/epl/Bournemouth.png,2,125,FA,Free Agent,,@BHA<br/>Mon 12:00PM,BHA,True,Mon 12:00PM,06c28,134.5,6.4,40%,-3%,-1.0
049tq,Dominic Calvert-Lewin,,,LEE,Leeds United,LEE,110261,F,F,701,701,701,,,42,D. Calvert-Lewin,dominic-calvert-lewin,https://fantraximg.com/assets/images/logos/sportsteam/epl/Leeds_United2.png,,42,aokel,1 - Danny Carve a Hole (aokelly94),3soymulymc719reo,FUL 0<br/>@LEE 1 F,FUL 0,False,@LEE 1 F,06c79,195.25,9.76,82%,+1%,1.0
03fgo,Dominic Solanke,,,TOT,Tottenham Hotspur,TOT,110160,F,F,701,701,701,,,434,D. Solanke,dominic-solanke,https://fantraximg.com/assets/images/logos/sportsteam/epl/Tottenham_Hotspur.png,,434,kinge,1 - Boomsakalaka (kingeric7.),4w3svguhmc719rep,WHU 2<br/>@TOT 1 F,WHU 2,False,@TOT 1 F,06c2d,6.25,2.08,72%,+14%,1.0
06cmm,Dominik Szoboszlai,,,LIV,Liverpool,LIV,110070,M,M,702,702,702,,,38,D. Szoboszlai,dominik-szoboszlai,https://fantraximg.com/assets/images/logos/sportsteam/epl/Liverpool.png,,38,plist,1 - Baby Jesus (plisterud),4kktj7fqmc719rep,BUR 1<br/>@LIV 1 F,BUR 1,False,@LIV 1 F,06c7a,199.75,9.51,100%,0%,
04ge7,Donyell Malen,,,AVL,Aston Villa,AVL,110011,F,F,701,701,701,4,,207,D. Malen,donyell-malen,https://fantraximg.com/assets/images/logos/sportsteam/epl/Aston_Villa.png,,207,FA,Free Agent,,EVE<br/>Sun 8:30AM,EVE,False,Sun 8:30AM,06c27,88.5,4.21,20%,-5%,-1.0
04spp,Douglas Luiz,,,NOT,Nottingham Forest,NOT,110105,M,M,702,702,702,5,,362,Douglas Luiz,douglas-luiz-soares-de-paulo,https://fantraximg.com/assets/images/logos/sportsteam/epl/Nottingham_Forest.png,,362,W <small>(Thu)</small>,"Waiver Wire - Off Thu Jan 22, 9:00 AM PST",,ARS 0<br/>@NOT 0 F,ARS 0,False,@NOT 0 F,06c2b,29.5,3.69,3%,-1%,-1.0
04p0d,Dwight McNeil,,,EVE,Everton,EVE,110050,M,M,701,702,702,4,,327,D. McNeil,dwight-mcneil,https://fantraximg.com/assets/images/logos/sportsteam/epl/Everton.png,2,327,FA,Free Agent,,@AVL<br/>Sun 8:30AM,AVL,True,Sun 8:30AM,06c27,41.25,3.44,45%,-11%,-1.0
05nt6,Eberechi Eze,,,ARS,Arsenal,ARS,110000,M,M,702,702,702,,,126,E. Eze,eberechi-eze,https://fantraximg.com/assets/images/logos/sportsteam/epl/Arsenal.png,,126,scout,1 - scout skegghorst (trouttreghorst),0cyx6ukymc719rep,ARS 0<br/>@NOT 0 F,ARS 0,False,@NOT 0 F,06c2b,133.25,7.84,97%,-1%,-1.0
04ge9,Eddie Nketiah,,,CRY,Crystal Palace,CRY,110045,F,F,701,701,701,5,,296,E. Nketiah,eddie-nketiah,https://fantraximg.com/assets/images/logos/sportsteam/epl/Crystal_Palace.png,,296,W <small>(Thu)</small>,"Waiver Wire - Off Thu Jan 22, 9:00 AM PST",,CRY 1<br/>@SUN 2 F,CRY 1,False,@SUN 2 F,06c2c,55,4.58,5%,-1%,-1.0
04fk5,Ederson,,,MCI,Manchester City,MCI,110080,G,G,704,704,704,5,,784,Ederson,ederson-santana-de-moraes,https://fantraximg.com/assets/images/logos/sportsteam/epl/Manchester_City.png,,784,W <small>(Thu)</small>,"Waiver Wire - Off Thu Jan 22, 9:00 AM PST",,MCI 0<br/>@MUN 2 F,MCI 0,False,@MUN 2 F,06c2a,0,0,11%,0%,
06f81,Edson Alvarez,,,WHU,West Ham United,WHU,110175,M,M,702,702,702,5,,488,E. Alvarez,edson-alvarez,https://fantraximg.com/assets/images/logos/sportsteam/epl/West_Ham_United.png,,488,W <small>(Thu)</small>,"Waiver Wire - Off Thu Jan 22, 9:00 AM PST",,WHU 2<br/>@TOT 1 F,WHU 2,False,@TOT 1 F,06c2d,0,0,0%,0%,
066r9,Ehor Yarmolyuk,,,BRF,Brentford,BRF,110237,M,M,702,702,702,5,,146,E. Yarmolyuk,ehor-yarmolyuk,https://fantraximg.com/assets/images/logos/sportsteam/epl/Brentford.png,,146,W <small>(Thu)</small>,"Waiver Wire - Off Thu Jan 22, 9:00 AM PST",,BRF 0<br/>@CHE 2 F,BRF 0,False,@CHE 2 F,06c29,123.75,5.62,14%,+5%,1.0
06ymu,El Hadji Malick Diouf,,,WHU,West Ham United,WHU,110175,M,M,703,702,702,5,,172,E. Diouf,el-hadji-malick-diouf,https://fantraximg.com/assets/images/logos/sportsteam/epl/West_Ham_United.png,,172,W <small>(Thu)</small>,"Waiver Wire - Off Thu Jan 22, 9:00 AM PST",,WHU 2<br/>@TOT 1 F,WHU 2,False,@TOT 1 F,06c2d,109,6.81,34%,-2%,-1.0
06xza,Eli Kroupi,,,BOU,Bournemouth,BOU,110034,F,F,701,701,701,,,181,E. Kroupi,eli-kroupi,https://fantraximg.com/assets/images/logos/sportsteam/epl/Bournemouth.png,2,181,DFFC,1 - Darth Fernandes FC (jacobnorman14),ew8egddsmc719rep,@BHA<br/>Mon 12:00PM,BHA,True,Mon 12:00PM,06c28,104.5,6.53,55%,+16%,1.0
06v0s,Eliezer Mayenda,,,SUN,Sunderland,SUN,110141,F,F,701,701,701,5,,342,E. Mayenda,eliezer-mayenda,https://fantraximg.com/assets/images/logos/sportsteam/epl/Sunderland.png,,342,W <small>(Thu)</small>,"Waiver Wire - Off Thu Jan 22, 9:00 AM PST",,CRY 1<br/>@SUN 2 F,CRY 1,False,@SUN 2 F,06c2c,36,2.77,16%,0%,
06idv,Elijah Campbell,,,EVE,Everton,EVE,110050,D,D,703,703,703,4,,540,E. Campbell,elijah-campbell,https://fantraximg.com/assets/images/logos/sportsteam/epl/Everton.png,,540,FA,Free Agent,,@AVL<br/>Sun 8:30AM,AVL,True,Sun 8:30AM,06c27,0,0,0%,0%,
05u40,Ellery Balcombe,,,BRF,Brentford,BRF,110237,G,G,704,704,704,5,,508,E. Balcombe,ellery-balcombe,https://fantraximg.com/assets/images/logos/sportsteam/epl/Brentford.png,,508,W <small>(Thu)</small>,"Waiver Wire - Off Thu Jan 22, 9:00 AM PST",,BRF 0<br/>@CHE 2 F,BRF 0,False,@CHE 2 F,06c29,0,0,0%,0%,
05opj,Elliot Anderson,,,NOT,Nottingham Forest,NOT,110105,M,M,702,702,702,,,22,E. Anderson,elliot-anderson,https://fantraximg.com/assets/images/logos/sportsteam/epl/Nottingham_Forest.png,,22,josht,1 - Dark Arts FC (joshtradamus),h61uavhqmc719rep,ARS 0<br/>@NOT 0 F,ARS 0,False,@NOT 0 F,06c2b,216,9.82,98%,0%,
071xe,Ellis Clark,,,BUR,Burnley,BUR,110223,M,M,702,702,702,5,,554,E. Clark,ellis-clark,https://fantraximg.com/assets/images/logos/sportsteam/epl/Burnley_3.png,,554,W <small>(Thu)</small>,"Waiver Wire - Off Thu Jan 22, 9:00 AM PST",,BUR 1<br/>@LIV 1 F,BUR 1,False,@LIV 1 F,06c7a,0,0,0%,0%,
07233,Ellis Clark,,,BUR,Burnley,BUR,110223,M,M,702,702,702,5,,555,E. Clark,ellis-clark,https://fantraximg.com/assets/images/logos/sportsteam/epl/Burnley_3.png,,555,W <small>(Thu)</small>,"Waiver Wire - Off Thu Jan 22, 9:00 AM PST",,BUR 1<br/>@LIV 1 F,BUR 1,False,@LIV 1 F,06c7a,0,0,0%,0%,
06zc9,Ellis Lehane,,,TOT,Tottenham Hotspur,TOT,110160,F,F,701,701,701,5,,676,E. Lehane,ellis-lehane,https://fantraximg.com/assets/images/logos/sportsteam/epl/Tottenham_Hotspur.png,,676,W <small>(Thu)</small>,"Waiver Wire - Off Thu Jan 22, 9:00 AM PST",,WHU 2<br/>@TOT 1 F,WHU 2,False,@TOT 1 F,06c2d,0,0,0%,0%,
04mqv,Emerson,,,WHU,West Ham United,WHU,110175,D,D,703,703,703,5,,740,Emerson,emerson-palmieri-dos-santos,https://fantraximg.com/assets/images/logos/sportsteam/epl/West_Ham_United.png,,740,W <small>(Thu)</small>,"Waiver Wire - Off Thu Jan 22, 9:00 AM PST",,WHU 2<br/>@TOT 1 F,WHU 2,False,@TOT 1 F,06c2d,0,0,0%,0%,
05746,Emil Krafth,,,NEW,Newcastle United,NEW,110101,D,D,703,703,703,4,,862,E. Krafth,emil-krafth,https://fantraximg.com/assets/images/logos/sportsteam/epl/Newcastle_United.png,,862,FA,Free Agent,,@WOL<br/>Sun 6:00AM,WOL,True,Sun 6:00AM,06c2e,-2.25,-2.25,0%,0%,
04sat,Emile Smith Rowe,,,FUL,Fulham,FUL,110063,M,M,702,702,702,5,,189,E. Smith Rowe,emile-smith-rowe,https://fantraximg.com/assets/images/logos/sportsteam/epl/Fulham.png,,189,W <small>(Thu)</small>,"Waiver Wire - Off Thu Jan 22, 9:00 AM PST",,FUL 0<br/>@LEE 1 F,FUL 0,False,@LEE 1 F,06c79,100,4.55,48%,+4%,1.0
051kl,Emiliano Buendia,,,AVL,Aston Villa,AVL,110011,M,M,702,702,702,4,,175,E. Buendia,emiliano-buendia,https://fantraximg.com/assets/images/logos/sportsteam/epl/Aston_Villa.png,2,175,FA,Free Agent,,EVE<br/>Sun 8:30AM,EVE,False,Sun 8:30AM,06c27,108,5.68,26%,+3%,1.0
02lz0,Emiliano Martinez,,,AVL,Aston Villa,AVL,110011,G,G,704,704,704,4,,95,E. Martinez,emiliano-martinez,https://fantraximg.com/assets/images/logos/sportsteam/epl/Aston_Villa.png,2,95,FA,Free Agent,,EVE<br/>Sun 8:30AM,EVE,False,Sun 8:30AM,06c27,153.25,9.01,58%,-15%,-1.0
06r7k,Emmanuel Agbadou,,,WOL,Wolverhampton,WOL,110191,D,D,703,703,703,4,,266,E. Agbadou,emmanuel-agbadou,https://fantraximg.com/assets/images/logos/sportsteam/epl/Wolverhampton_Wanderers.png,,266,FA,Free Agent,,NEW<br/>Sun 6:00AM,NEW,False,Sun 6:00AM,06c2e,66.25,5.1,4%,0%,
05tz8,Emmanuel Dennis,,,NOT,Nottingham Forest,NOT,110105,F,F,701,701,701,5,,571,E. Dennis,emmanuel-dennis,https://fantraximg.com/assets/images/logos/sportsteam/epl/Nottingham_Forest.png,,571,W <small>(Thu)</small>,"Waiver Wire - Off Thu Jan 22, 9:00 AM PST",,ARS 0<br/>@NOT 0 F,ARS 0,False,@NOT 0 F,06c2b,0,0,0%,0%,
03sbh,Enes Unal,,,BOU,Bournemouth,BOU,110034,F,F,701,701,701,4,,416,E. Unal,enes-unal,https://fantraximg.com/assets/images/logos/sportsteam/epl/Bournemouth.png,,416,FA,Free Agent,,@BHA<br/>Mon 12:00PM,BHA,True,Mon 12:00PM,06c28,10,1.11,1%,0%,
06cly,Enock Agyei,,,BUR,Burnley,BUR,110223,F,F,701,701,701,5,,480,E. Agyei,enock-agyei,https://fantraximg.com/assets/images/logos/sportsteam/epl/Burnley_3.png,,480,W <small>(Thu)</small>,"Waiver Wire - Off Thu Jan 22, 9:00 AM PST",,BUR 1<br/>@LIV 1 F,BUR 1,False,@LIV 1 F,06c7a,0,0,0%,0%,
06fwo,Enso Gonzalez,,,WOL,Wolverhampton,WOL,110191,F,F,701,701,701,4,,606,E. Gonzalez,enso-gonzalez,https://fantraximg.com/assets/images/logos/sportsteam/epl/Wolverhampton_Wanderers.png,,606,FA,Free Agent,,NEW<br/>Sun 6:00AM,NEW,False,Sun 6:00AM,06c2e,0,0,0%,0%,
068ym,Enzo Fernandez,,,CHE,Chelsea,CHE,110040,M,M,702,702,702,,,18,E. Fernandez,enzo-fernandez,https://fantraximg.com/assets/images/logos/sportsteam/epl/Chelsea.png,,18,kinge,1 - Boomsakalaka (kingeric7.),4w3svguhmc719rep,BRF 0<br/>@CHE 2 F,BRF 0,False,@CHE 2 F,06c29,220.5,10.5,100%,0%,
06v0p,Enzo Le Fée,,,SUN,Sunderland,SUN,110141,M,M,702,702,702,,,61,E. Le Fée,enzo-le-fee,https://fantraximg.com/assets/images/logos/sportsteam/epl/Sunderland.png,,61,ramgo,1 - Troy McClure's Fish Fetish (ramgorn),xwd21t85mc719rep,CRY 1<br/>@SUN 2 F,CRY 1,False,@SUN 2 F,06c2c,183.5,8.74,84%,+2%,1.0
06mnd,Eric da Silva Moreira,,,NOT,Nottingham Forest,NOT,110105,F,F,701,701,701,5,,853,E. da Silva Moreira,eric-da-silva-moreira,https://fantraximg.com/assets/images/logos/sportsteam/epl/Nottingham_Forest.png,,853,W <small>(Thu)</small>,"Waiver Wire - Off Thu Jan 22, 9:00 AM PST",,ARS 0<br/>@NOT 0 F,ARS 0,False,@NOT 0 F,06c2b,0,0,0%,0%,
061vq,Erling Haaland,,,MCI,Manchester City,MCI,110080,F,F,701,701,701,,,1,E. Haaland,erling-haaland,https://fantraximg.com/assets/images/logos/sportsteam/epl/Manchester_City.png,,1,ramgo,1 - Troy McClure's Fish Fetish (ramgorn),xwd21t85mc719rep,MCI 0<br/>@MUN 2 F,MCI 0,False,@MUN 2 F,06c2a,356,16.18,100%,0%,
06yxe,Estevao Willian Almeida de Oliveira Gonçalves,,,CHE,Chelsea,CHE,110040,F,F,701,701,701,,,195,E. Almeida de Oliveira Gonçalves,estevao-willian-almeida-de-oliveira-goncalves,https://fantraximg.com/assets/images/logos/sportsteam/epl/Chelsea.png,,195,ideso,1 - Cucu Diddler Rella (idesofmarz),e1zcwbwfmc719rep,BRF 0<br/>@CHE 2 F,BRF 0,False,@CHE 2 F,06c29,94.75,5.57,67%,-2%,-1.0
04lav,Ethan Ampadu,,,LEE,Leeds United,LEE,110261,D,D,703,703,703,5,,127,E. Ampadu,ethan-ampadu,https://fantraximg.com/assets/images/logos/sportsteam/epl/Leeds_United2.png,,127,W <small>(Thu)</small>,"Waiver Wire - Off Thu Jan 22, 9:00 AM PST",,FUL 0<br/>@LEE 1 F,FUL 0,False,@LEE 1 F,06c79,132.5,6.97,20%,+2%,1.0
06zqj,Ethan Laidlaw,,,BRF,Brentford,BRF,110237,F,F,701,701,701,5,,672,E. Laidlaw,ethan-laidlaw,https://fantraximg.com/assets/images/logos/sportsteam/epl/Brentford.png,,672,W <small>(Thu)</small>,"Waiver Wire - Off Thu Jan 22, 9:00 AM PST",,BRF 0<br/>@CHE 2 F,BRF 0,False,@CHE 2 F,06c29,0,0,0%,0%,
065ao,Ethan Nwaneri,,,ARS,Arsenal,ARS,110000,M,M,702,702,702,5,,433,E. Nwaneri,ethan-nwaneri,https://fantraximg.com/assets/images/logos/sportsteam/epl/Arsenal.png,,433,W <small>(Thu)</small>,"Waiver Wire - Off Thu Jan 22, 9:00 AM PST",,ARS 0<br/>@NOT 0 F,ARS 0,False,@NOT 0 F,06c2b,6.25,1.04,16%,-1%,-1.0
05tr1,Ethan Pinnock,,,BRF,Brentford,BRF,110237,D,D,703,703,703,5,,411,E. Pinnock,ethan-pinnock,https://fantraximg.com/assets/images/logos/sportsteam/epl/Brentford.png,,411,W <small>(Thu)</small>,"Waiver Wire - Off Thu Jan 22, 9:00 AM PST",,BRF 0<br/>@CHE 2 F,BRF 0,False,@CHE 2 F,06c29,11.5,3.83,2%,0%,
072iv,Ethan Sutherland,,,WOL,Wolverhampton,WOL,110191,M,M,702,702,702,4,,807,E. Sutherland,ethan-sutherland,https://fantraximg.com/assets/images/logos/sportsteam/epl/Wolverhampton_Wanderers.png,,807,FA,Free Agent,,NEW<br/>Sun 6:00AM,NEW,False,Sun 6:00AM,06c2e,0,0,0%,0%,
06l4c,Ethan Wheatley,,,MUN,Manchester United,MUN,110090,F,F,701,701,701,5,,832,E. Wheatley,ethan-wheatley,https://fantraximg.com/assets/images/logos/sportsteam/epl/Manchester_United.png,,832,W <small>(Thu)</small>,"Waiver Wire - Off Thu Jan 22, 9:00 AM PST",,MCI 0<br/>@MUN 2 F,MCI 0,False,@MUN 2 F,06c2a,0,0,0%,0%,
06muh,Ethan Williams,,,MUN,Manchester United,MUN,110090,M,M,701,702,702,5,,839,E. Williams,ethan-williams,https://fantraximg.com/assets/images/logos/sportsteam/epl/Manchester_United.png,,839,W <small>(Thu)</small>,"Waiver Wire - Off Thu Jan 22, 9:00 AM PST",,MCI 0<br/>@MUN 2 F,MCI 0,False,@MUN 2 F,06c2a,0,0,0%,0%,
06uzk,Etienne Green,,,BUR,Burnley,BUR,110223,G,G,704,704,704,5,,612,E. Green,etienne-green,https://fantraximg.com/assets/images/logos/sportsteam/epl/Burnley_3.png,,612,W <small>(Thu)</small>,"Waiver Wire - Off Thu Jan 22, 9:00 AM PST",,BUR 1<br/>@LIV 1 F,BUR 1,False,@LIV 1 F,06c7a,0,0,0%,0%,
06p6j,Evanilson,,,BOU,Bournemouth,BOU,110034,F,F,701,701,701,,,139,Evanilson,francisco-evanilson-de-lima-barbosa,https://fantraximg.com/assets/images/logos/sportsteam/epl/Bournemouth.png,2,139,zach0,1 - Start Dowman (zach082826),5kp58voomc719rep,@BHA<br/>Mon 12:00PM,BHA,True,Mon 12:00PM,06c28,127,6.68,92%,+3%,1.0
06zwj,Evann Guessand,,,AVL,Aston Villa,AVL,110011,F,F,701,701,701,4,,335,E. Guessand,evann-guessand,https://fantraximg.com/assets/images/logos/sportsteam/epl/Aston_Villa.png,,335,FA,Free Agent,,EVE<br/>Sun 8:30AM,EVE,False,Sun 8:30AM,06c27,38.25,3.19,4%,0%,
06qwj,Ezra Mayers,,,WHU,West Ham United,WHU,110175,D,D,703,703,703,5,,410,E. Mayers,ezra-mayers,https://fantraximg.com/assets/images/logos/sportsteam/epl/West_Ham_United.png,,410,W <small>(Thu)</small>,"Waiver Wire - Off Thu Jan 22, 9:00 AM PST",,WHU 2<br/>@TOT 1 F,WHU 2,False,@TOT 1 F,06c2d,11.5,2.3,0%,0%,
052ca,Ezri Konsa,,,AVL,Aston Villa,AVL,110011,D,D,703,703,703,4,,182,E. Konsa,ezri-konsa,https://fantraximg.com/assets/images/logos/sportsteam/epl/Aston_Villa.png,2,182,FA,Free Agent,,EVE<br/>Sun 8:30AM,EVE,False,Sun 8:30AM,06c27,103.75,5.19,32%,+3%,1.0
04tig,Fabian Schar,,,NEW,Newcastle United,NEW,110101,D,D,703,703,703,4,,117,F. Schar,fabian-schar,https://fantraximg.com/assets/images/logos/sportsteam/epl/Newcastle_United.png,,117,FA,Free Agent,,@WOL<br/>Sun 6:00AM,WOL,True,Sun 6:00AM,06c2e,139.25,8.7,43%,-35%,-1.0
05ojf,Fabio Carvalho,,,BRF,Brentford,BRF,110237,M,M,702,702,702,5,,405,Fabio Carvalho,fabio-carvalho,https://fantraximg.com/assets/images/logos/sportsteam/epl/Brentford.png,,405,W <small>(Thu)</small>,"Waiver Wire - Off Thu Jan 22, 9:00 AM PST",,BRF 0<br/>@CHE 2 F,BRF 0,False,@CHE 2 F,06c29,13,2.17,4%,0%,
05o8k,Fabio Silva,,,WOL,Wolverhampton,WOL,110191,F,F,701,701,701,4,,797,Fabio Silva,fabio-daniel-soares-silva,https://fantraximg.com/assets/images/logos/sportsteam/epl/Wolverhampton_Wanderers.png,,797,FA,Free Agent,,NEW<br/>Sun 6:00AM,NEW,False,Sun 6:00AM,06c2e,0,0,0%,0%,
061z3,Fabio Vieira,,,ARS,Arsenal,ARS,110000,M,M,702,702,702,5,,825,Fabio Vieira,fabio-daniel-vieira,https://fantraximg.com/assets/images/logos/sportsteam/epl/Arsenal.png,,825,W <small>(Thu)</small>,"Waiver Wire - Off Thu Jan 22, 9:00 AM PST",,ARS 0<br/>@NOT 0 F,ARS 0,False,@NOT 0 F,06c2b,0,0,0%,0%,
067yu,Facundo Buonanotte,,,LEE,Leeds United,LEE,110261,M,M,702,702,702,5,,442,F. Buonanotte,facundo-buonanotte,https://fantraximg.com/assets/images/logos/sportsteam/epl/Leeds_United2.png,,442,W <small>(Thu)</small>,"Waiver Wire - Off Thu Jan 22, 9:00 AM PST",,FUL 0<br/>@LEE 1 F,FUL 0,False,@LEE 1 F,06c79,4,4,14%,+12%,1.0
06phw,Federico Chiesa,,,LIV,Liverpool,LIV,110070,F,F,701,701,701,5,,314,F. Chiesa,federico-chiesa,https://fantraximg.com/assets/images/logos/sportsteam/epl/Liverpool.png,,314,W <small>(Thu)</small>,"Waiver Wire - Off Thu Jan 22, 9:00 AM PST",,BUR 1<br/>@LIV 1 F,BUR 1,False,@LIV 1 F,06c7a,45,2.81,7%,-2%,-1.0
06v12,Fer Lopez,,,WOL,Wolverhampton,WOL,110191,F,F,701,701,701,4,,401,Fer Lopez,fernando-lopez,https://fantraximg.com/assets/images/logos/sportsteam/epl/Wolverhampton_Wanderers.png,,401,FA,Free Agent,,NEW<br/>Sun 6:00AM,NEW,False,Sun 6:00AM,06c2e,15.25,1.69,4%,0%,
06phe,Ferdi Kadioglu,,,BHA,Brighton,BHA,110240,D,D,703,703,703,,,131,F. Kadioglu,ferdi-kadioglu,https://fantraximg.com/assets/images/logos/sportsteam/epl/Brighton_and_Hove_Albion.png,2,131,kinge,1 - Boomsakalaka (kingeric7.),4w3svguhmc719rep,BOU<br/>Mon 12:00PM,BOU,False,Mon 12:00PM,06c28,129,6.45,47%,+9%,1.0
06nv3,Filip Jørgensen,,,CHE,Chelsea,CHE,110040,G,G,704,704,704,5,,426,F. Jørgensen,filip-jorgensen,https://fantraximg.com/assets/images/logos/sportsteam/epl/Chelsea.png,,426,W <small>(Thu)</small>,"Waiver Wire - Off Thu Jan 22, 9:00 AM PST",,BRF 0<br/>@CHE 2 F,BRF 0,False,@CHE 2 F,06c29,7.25,3.62,2%,-1%,-1.0
05y6a,Filip Marschall,,,AVL,Aston Villa,AVL,110011,G,G,704,704,704,4,,687,F. Marschall,filip-marschall,https://fantraximg.com/assets/images/logos/sportsteam/epl/Aston_Villa.png,,687,FA,Free Agent,,EVE<br/>Sun 8:30AM,EVE,False,Sun 8:30AM,06c27,0,0,0%,0%,
06nyx,Finlay Herrick,,,WHU,West Ham United,WHU,110175,G,G,704,704,704,5,,633,F. Herrick,finlay-herrick,https://fantraximg.com/assets/images/logos/sportsteam/epl/West_Ham_United.png,,633,W <small>(Thu)</small>,"Waiver Wire - Off Thu Jan 22, 9:00 AM PST",,WHU 2<br/>@TOT 1 F,WHU 2,False,@TOT 1 F,06c2d,0,0,0%,0%,
070ha,Florentino Ibrain Morris Luís,,,BUR,Burnley,BUR,110223,M,M,702,702,702,5,,165,F. Morris Luís,florentino-ibrain-morris-luis,https://fantraximg.com/assets/images/logos/sportsteam/epl/Burnley_3.png,,165,W <small>(Thu)</small>,"Waiver Wire - Off Thu Jan 22, 9:00 AM PST",,BUR 1<br/>@LIV 1 F,BUR 1,False,@LIV 1 F,06c7a,114.25,6.35,5%,-1%,-1.0
06v21,Florian Wirtz,,,LIV,Liverpool,LIV,110070,M,M,702,702,702,,,43,F. Wirtz,florian-wirtz,https://fantraximg.com/assets/images/logos/sportsteam/epl/Liverpool.png,,43,aokel,1 - Danny Carve a Hole (aokelly94),3soymulymc719reo,BUR 1<br/>@LIV 1 F,BUR 1,False,@LIV 1 F,06c7a,194.5,9.26,100%,0%,
06kk4,Franco Umeh-Chibueze,,,CRY,Crystal Palace,CRY,110045,F,F,701,701,701,5,,823,F. Umeh-Chibueze,franco-umeh-chibueze,https://fantraximg.com/assets/images/logos/sportsteam/epl/Crystal_Palace.png,,823,W <small>(Thu)</small>,"Waiver Wire - Off Thu Jan 22, 9:00 AM PST",,CRY 1<br/>@SUN 2 F,CRY 1,False,@SUN 2 F,06c2c,0,0,0%,0%,
05ue7,Frank Onyeka,,,BRF,Brentford,BRF,110237,M,M,702,702,702,5,,397,F. Onyeka,frank-onyeka,https://fantraximg.com/assets/images/logos/sportsteam/epl/Brentford.png,,397,W <small>(Thu)</small>,"Waiver Wire - Off Thu Jan 22, 9:00 AM PST",,BRF 0<br/>@CHE 2 F,BRF 0,False,@CHE 2 F,06c29,17.25,2.88,0%,0%,
02ltw,Fraser Forster,,,BOU,Bournemouth,BOU,110034,G,G,704,704,704,4,,595,F. Forster,fraser-forster,https://fantraximg.com/assets/images/logos/sportsteam/epl/Bournemouth.png,,595,FA,Free Agent,,@BHA<br/>Mon 12:00PM,BHA,True,Mon 12:00PM,06c28,0,0,0%,0%,
05y5b,Freddie Potts,,,WHU,West Ham United,WHU,110175,M,M,702,702,702,5,,275,F. Potts,freddie-potts,https://fantraximg.com/assets/images/logos/sportsteam/epl/West_Ham_United.png,,275,W <small>(Thu)</small>,"Waiver Wire - Off Thu Jan 22, 9:00 AM PST",,WHU 2<br/>@TOT 1 F,WHU 2,False,@TOT 1 F,06c2d,62.75,3.92,2%,-1%,-1.0
06s7r,Freddie Simmonds,,,BHA,Brighton,BHA,110240,D,D,703,703,703,4,,793,F. Simmonds,freddie-simmonds,https://fantraximg.com/assets/images/logos/sportsteam/epl/Brighton_and_Hove_Albion.png,,793,FA,Free Agent,,BOU<br/>Mon 12:00PM,BOU,False,Mon 12:00PM,06c28,0,0,0%,0%,
03m5i,Freddie Woodman,,,LIV,Liverpool,LIV,110070,G,G,704,704,704,5,,845,F. Woodman,freddie-woodman,https://fantraximg.com/assets/images/logos/sportsteam/epl/Liverpool.png,,845,W <small>(Thu)</small>,"Waiver Wire - Off Thu Jan 22, 9:00 AM PST",,BUR 1<br/>@LIV 1 F,BUR 1,False,@LIV 1 F,06c7a,0,0,0%,0%,
06yb7,Gabriel Gudmundsson,,,LEE,Leeds United,LEE,110261,D,D,703,703,703,5,,110,G. Gudmundsson,gabriel-gudmundsson,https://fantraximg.com/assets/images/logos/sportsteam/epl/Leeds_United2.png,,110,W <small>(Thu)</small>,"Waiver Wire - Off Thu Jan 22, 9:00 AM PST",,FUL 0<br/>@LEE 1 F,FUL 0,False,@LEE 1 F,06c79,144,6.55,28%,+2%,1.0
045c8,Gabriel Jesus,,,ARS,Arsenal,ARS,110000,F,F,701,701,701,5,,384,Gabriel Jesus,gabriel-fernando-de-jesus,https://fantraximg.com/assets/images/logos/sportsteam/epl/Arsenal.png,,384,W <small>(Thu)</small>,"Waiver Wire - Off Thu Jan 22, 9:00 AM PST",,ARS 0<br/>@NOT 0 F,ARS 0,False,@NOT 0 F,06c2b,20,2.86,27%,-7%,-1.0
05nzu,Gabriel Magalhaes,,,ARS,Arsenal,ARS,110000,D,D,703,703,703,,,21,Gabriel Magalhaes,gabriel-dos-santos-magalhaes,https://fantraximg.com/assets/images/logos/sportsteam/epl/Arsenal.png,,21,zach0,1 - Start Dowman (zach082826),5kp58voomc719rep,ARS 0<br/>@NOT 0 F,ARS 0,False,@NOT 0 F,06c2b,217,13.56,100%,0%,
052h5,Gabriel Martinelli,,,ARS,Arsenal,ARS,110000,M,M,701,702,702,,,310,Gabriel Martinelli,gabriel-teodoro-martinelli-silva,https://fantraximg.com/assets/images/logos/sportsteam/epl/Arsenal.png,,310,zach0,1 - Start Dowman (zach082826),5kp58voomc719rep,ARS 0<br/>@NOT 0 F,ARS 0,False,@NOT 0 F,06c2b,50.75,2.99,58%,+6%,1.0
063c2,Gabriel Slonina,,,CHE,Chelsea,CHE,110040,G,G,704,704,704,5,,796,G. Slonina,gabriel-slonina,https://fantraximg.com/assets/images/logos/sportsteam/epl/Chelsea.png,,796,W <small>(Thu)</small>,"Waiver Wire - Off Thu Jan 22, 9:00 AM PST",,BRF 0<br/>@CHE 2 F,BRF 0,False,@CHE 2 F,06c29,0,0,1%,0%,
06awq,George Abbott,,,TOT,Tottenham Hotspur,TOT,110160,M,M,702,702,702,5,,474,G. Abbott,george-abbott,https://fantraximg.com/assets/images/logos/sportsteam/epl/Tottenham_Hotspur.png,,474,W <small>(Thu)</small>,"Waiver Wire - Off Thu Jan 22, 9:00 AM PST",,WHU 2<br/>@TOT 1 F,WHU 2,False,@TOT 1 F,06c2d,0,0,0%,0%,
071xd,George Brierley,,,BUR,Burnley,BUR,110223,M,M,702,702,702,5,,530,G. Brierley,george-brierley,https://fantraximg.com/assets/images/logos/sportsteam/epl/Burnley_3.png,,530,W <small>(Thu)</small>,"Waiver Wire - Off Thu Jan 22, 9:00 AM PST",,BUR 1<br/>@LIV 1 F,BUR 1,False,@LIV 1 F,06c7a,0,0,0%,0%,
06dmn,George Earthy,,,WHU,West Ham United,WHU,110175,M,M,702,702,702,5,,580,G. Earthy,george-earthy,https://fantraximg.com/assets/images/logos/sportsteam/epl/West_Ham_United.png,,580,W <small>(Thu)</small>,"Waiver Wire - Off Thu Jan 22, 9:00 AM PST",,WHU 2<br/>@TOT 1 F,WHU 2,False,@TOT 1 F,06c2d,0,0,0%,0%,
06zvn,George Hemmings,,,AVL,Aston Villa,AVL,110011,M,M,702,702,702,4,,631,G. Hemmings,george-hemmings,https://fantraximg.com/assets/images/logos/sportsteam/epl/Aston_Villa.png,,631,FA,Free Agent,,EVE<br/>Sun 8:30AM,EVE,False,Sun 8:30AM,06c27,0,0,0%,0%,
06ygl,George King,,,CRY,Crystal Palace,CRY,110045,D,D,703,703,703,5,,658,G. King,george-king,https://fantraximg.com/assets/images/logos/sportsteam/epl/Crystal_Palace.png,,658,W <small>(Thu)</small>,"Waiver Wire - Off Thu Jan 22, 9:00 AM PST",,CRY 1<br/>@SUN 2 F,CRY 1,False,@SUN 2 F,06c2c,0,0,0%,0%,
0689w,Georginio Rutter,,,BHA,Brighton,BHA,110240,F,F,701,701,701,,,132,G. Rutter,georginio-rutter,https://fantraximg.com/assets/images/logos/sportsteam/epl/Brighton_and_Hove_Albion.png,2,132,ideso,1 - Cucu Diddler Rella (idesofmarz),e1zcwbwfmc719rep,BOU<br/>Mon 12:00PM,BOU,False,Mon 12:00PM,06c28,128.75,6.78,84%,+2%,1.0
070hs,Gianluigi Donnarumma,,,MCI,Manchester City,MCI,110080,G,G,704,704,704,,,105,G. Donnarumma,gianluigi-donnarumma,https://fantraximg.com/assets/images/logos/sportsteam/epl/Manchester_City.png,,105,ramgo,1 - Troy McClure's Fish Fetish (ramgorn),xwd21t85mc719rep,MCI 0<br/>@MUN 2 F,MCI 0,False,@MUN 2 F,06c2a,148.5,7.82,78%,-1%,-1.0
06xzg,Giorgi Mamardashvili,,,LIV,Liverpool,LIV,110070,G,G,704,704,704,5,,321,G. Mamardashvili,giorgi-mamardashvili,https://fantraximg.com/assets/images/logos/sportsteam/epl/Liverpool.png,,321,W <small>(Thu)</small>,"Waiver Wire - Off Thu Jan 22, 9:00 AM PST",,BUR 1<br/>@LIV 1 F,BUR 1,False,@LIV 1 F,06c7a,42.75,8.55,6%,0%,
0701y,Giovanni Leoni,,,LIV,Liverpool,LIV,110070,D,D,703,703,703,5,,677,G. Leoni,giovanni-leoni,https://fantraximg.com/assets/images/logos/sportsteam/epl/Liverpool.png,,677,W <small>(Thu)</small>,"Waiver Wire - Off Thu Jan 22, 9:00 AM PST",,BUR 1<br/>@LIV 1 F,BUR 1,False,@LIV 1 F,06c7a,0,0,1%,0%,
06qx6,Godwill Kukonki,,,MUN,Manchester United,MUN,110090,D,D,703,703,703,5,,668,G. Kukonki,godwill-kukonki,https://fantraximg.com/assets/images/logos/sportsteam/epl/Manchester_United.png,,668,W <small>(Thu)</small>,"Waiver Wire - Off Thu Jan 22, 9:00 AM PST",,MCI 0<br/>@MUN 2 F,MCI 0,False,@MUN 2 F,06c2a,0,0,0%,0%,
063e8,Goncalo Guedes,,,WOL,Wolverhampton,WOL,110191,F,F,701,701,701,4,,598,Goncalo Guedes,goncalo-manuel-ganchinho-guedes,https://fantraximg.com/assets/images/logos/sportsteam/epl/Wolverhampton_Wanderers.png,,598,FA,Free Agent,,NEW<br/>Sun 6:00AM,NEW,False,Sun 6:00AM,06c2e,0,0,0%,0%,
0435m,Granit Xhaka,,,SUN,Sunderland,SUN,110141,M,M,702,702,702,,,34,G. Xhaka,granit-xhaka,https://fantraximg.com/assets/images/logos/sportsteam/epl/Sunderland.png,,34,plist,1 - Baby Jesus (plisterud),4kktj7fqmc719rep,CRY 1<br/>@SUN 2 F,CRY 1,False,@SUN 2 F,06c2c,204.75,9.31,87%,0%,
06cmb,Guglielmo Vicario,,,TOT,Tottenham Hotspur,TOT,110160,G,G,704,704,704,,,82,G. Vicario,guglielmo-vicario,https://fantraximg.com/assets/images/logos/sportsteam/epl/Tottenham_Hotspur.png,,82,ideso,1 - Cucu Diddler Rella (idesofmarz),e1zcwbwfmc719rep,WHU 2<br/>@TOT 1 F,WHU 2,False,@TOT 1 F,06c2d,167,7.59,80%,+1%,1.0
06oav,Guido Rodríguez,,,WHU,West Ham United,WHU,110175,M,M,702,702,702,5,,452,G. Rodríguez,guido-rodriguez,https://fantraximg.com/assets/images/logos/sportsteam/epl/West_Ham_United.png,,452,W <small>(Thu)</small>,"Waiver Wire - Off Thu Jan 22, 9:00 AM PST",,WHU 2<br/>@TOT 1 F,WHU 2,False,@TOT 1 F,06c2d,2.5,0.42,0%,0%,
06phr,Gustavo Nunes,,,BRF,Brentford,BRF,110237,F,F,701,701,701,5,,723,Gustavo Nunes,gustavo-nunes-fernandes-gomes,https://fantraximg.com/assets/images/logos/sportsteam/epl/Brentford.png,,723,W <small>(Thu)</small>,"Waiver Wire - Off Thu Jan 22, 9:00 AM PST",,BRF 0<br/>@CHE 2 F,BRF 0,False,@CHE 2 F,06c29,0,0,0%,0%,
06y29,Habib Diarra,,,SUN,Sunderland,SUN,110141,M,M,702,702,702,5,,395,H. Diarra,habib-diarra,https://fantraximg.com/assets/images/logos/sportsteam/epl/Sunderland.png,,395,W <small>(Thu)</small>,"Waiver Wire - Off Thu Jan 22, 9:00 AM PST",,CRY 1<br/>@SUN 2 F,CRY 1,False,@SUN 2 F,06c2c,17.25,3.45,2%,0%,
06jfe,Hakon Valdimarsson,,,BRF,Brentford,BRF,110237,G,G,704,704,704,5,,824,H. Valdimarsson,hakon-valdimarsson,https://fantraximg.com/assets/images/logos/sportsteam/epl/Brentford.png,,824,W <small>(Thu)</small>,"Waiver Wire - Off Thu Jan 22, 9:00 AM PST",,BRF 0<br/>@CHE 2 F,BRF 0,False,@CHE 2 F,06c29,0,0,0%,0%,
068yr,Hamed Traore,,,BOU,Bournemouth,BOU,110034,M,M,702,702,702,4,,420,H. Traore,hamed-traore,https://fantraximg.com/assets/images/logos/sportsteam/epl/Bournemouth.png,,420,FA,Free Agent,,@BHA<br/>Mon 12:00PM,BHA,True,Mon 12:00PM,06c28,8.25,8.25,1%,0%,
06fuh,Hannes Delcroix,,,BUR,Burnley,BUR,110223,D,D,703,703,703,5,,569,H. Delcroix,hannes-delcroix,https://fantraximg.com/assets/images/logos/sportsteam/epl/Burnley_3.png,,569,W <small>(Thu)</small>,"Waiver Wire - Off Thu Jan 22, 9:00 AM PST",,BUR 1<br/>@LIV 1 F,BUR 1,False,@LIV 1 F,06c7a,0,0,0%,0%,
05t6y,Hannibal Mejbri,,,BUR,Burnley,BUR,110223,M,M,702,702,702,5,,339,H. Mejbri,hannibal-mejbri,https://fantraximg.com/assets/images/logos/sportsteam/epl/Burnley_3.png,,339,W <small>(Thu)</small>,"Waiver Wire - Off Thu Jan 22, 9:00 AM PST",,BUR 1<br/>@LIV 1 F,BUR 1,False,@LIV 1 F,06c7a,37.25,2.48,1%,0%,
06zbr,Harold William,,,BOU,Bournemouth,BOU,110034,D,D,703,703,703,4,,838,H. William,harold-william,https://fantraximg.com/assets/images/logos/sportsteam/epl/Bournemouth.png,,838,FA,Free Agent,,@BHA<br/>Mon 12:00PM,BHA,True,Mon 12:00PM,06c28,0,0,0%,0%,
06onv,Harrison Armstrong,,,EVE,Everton,EVE,110050,M,M,702,702,702,4,,427,H. Armstrong,harrison-armstrong,https://fantraximg.com/assets/images/logos/sportsteam/epl/Everton.png,2,427,FA,Free Agent,,@AVL<br/>Sun 8:30AM,AVL,True,Sun 8:30AM,06c27,7,2.33,2%,-1%,-1.0
05ogh,Harrison Ashby,,,NEW,Newcastle United,NEW,110101,D,D,703,703,703,4,,499,H. Ashby,harrison-ashby,https://fantraximg.com/assets/images/logos/sportsteam/epl/Newcastle_United.png,,499,FA,Free Agent,,@WOL<br/>Sun 6:00AM,WOL,True,Sun 6:00AM,06c2e,0,0,0%,0%,
06v0q,Harrison Jones,,,SUN,Sunderland,SUN,110141,M,M,702,702,702,5,,651,H. Jones,harrison-jones,https://fantraximg.com/assets/images/logos/sportsteam/epl/Sunderland.png,,651,W <small>(Thu)</small>,"Waiver Wire - Off Thu Jan 22, 9:00 AM PST",,CRY 1<br/>@SUN 2 F,CRY 1,False,@SUN 2 F,06c2c,0,0,0%,0%,
037mt,Harrison Reed,,,FUL,Fulham,FUL,110063,M,M,702,702,702,5,,409,H. Reed,harrison-reed,https://fantraximg.com/assets/images/logos/sportsteam/epl/Fulham.png,,409,W <small>(Thu)</small>,"Waiver Wire - Off Thu Jan 22, 9:00 AM PST",,FUL 0<br/>@LEE 1 F,FUL 0,False,@LEE 1 F,06c79,12,3,0%,0%,
06l2r,Harry Amass,,,MUN,Manchester United,MUN,110090,D,D,703,703,703,5,,489,H. Amass,harry-amass,https://fantraximg.com/assets/images/logos/sportsteam/epl/Manchester_United.png,,489,W <small>(Thu)</small>,"Waiver Wire - Off Thu Jan 22, 9:00 AM PST",,MCI 0<br/>@MUN 2 F,MCI 0,False,@MUN 2 F,06c2a,0,0,0%,0%,
06v03,Harry Gray,,,LEE,Leeds United,LEE,110261,F,F,701,701,701,5,,611,H. Gray,harry-gray,https://fantraximg.com/assets/images/logos/sportsteam/epl/Leeds_United2.png,,611,W <small>(Thu)</small>,"Waiver Wire - Off Thu Jan 22, 9:00 AM PST",,FUL 0<br/>@LEE 1 F,FUL 0,False,@LEE 1 F,06c79,0,0,0%,0%,
06s7s,Harry Howell,,,BHA,Brighton,BHA,110240,F,F,702,701,701,4,,643,H. Howell,harry-howell,https://fantraximg.com/assets/images/logos/sportsteam/epl/Brighton_and_Hove_Albion.png,,643,FA,Free Agent,,BOU<br/>Mon 12:00PM,BOU,False,Mon 12:00PM,06c28,0,0,0%,0%,
03gu4,Harry Maguire,,,MUN,Manchester United,MUN,110090,D,D,703,703,703,5,,270,H. Maguire,harry-maguire,https://fantraximg.com/assets/images/logos/sportsteam/epl/Manchester_United.png,,270,W <small>(Thu)</small>,"Waiver Wire - Off Thu Jan 22, 9:00 AM PST",,MCI 0<br/>@MUN 2 F,MCI 0,False,@MUN 2 F,06c2a,65.25,7.25,11%,+2%,1.0
05rc7,Harry Tyrer,,,EVE,Everton,EVE,110050,G,G,704,704,704,4,,822,H. Tyrer,harry-tyrer,https://fantraximg.com/assets/images/logos/sportsteam/epl/Everton.png,,822,FA,Free Agent,,@AVL<br/>Sun 8:30AM,AVL,True,Sun 8:30AM,06c27,0,0,0%,0%,
03rxs,Harry Wilson,,,FUL,Fulham,FUL,110063,M,M,701,702,702,,,28,H. Wilson,harry-wilson,https://fantraximg.com/assets/images/logos/sportsteam/epl/Fulham.png,,28,zach0,1 - Start Dowman (zach082826),5kp58voomc719rep,FUL 0<br/>@LEE 1 F,FUL 0,False,@LEE 1 F,06c79,211,10.05,98%,+1%,1.0
04abn,Harvey Barnes,,,NEW,Newcastle United,NEW,110101,M,M,702,702,702,,,136,H. Barnes,harvey-barnes,https://fantraximg.com/assets/images/logos/sportsteam/epl/Newcastle_United.png,2,136,DFFC,1 - Darth Fernandes FC (jacobnorman14),ew8egddsmc719rep,@WOL<br/>Sun 6:00AM,WOL,True,Sun 6:00AM,06c2e,128,6.4,86%,+15%,1.0
04xjr,Harvey Elliott,,,AVL,Aston Villa,AVL,110011,M,M,702,702,702,4,,453,H. Elliott,harvey-elliott,https://fantraximg.com/assets/images/logos/sportsteam/epl/Aston_Villa.png,,453,FA,Free Agent,,EVE<br/>Sun 8:30AM,EVE,False,Sun 8:30AM,06c27,2.25,0.56,9%,0%,
06rrr,Hindolo Mustapha,,,CRY,Crystal Palace,CRY,110045,M,M,702,702,702,5,,717,H. Mustapha,hindolo-mustapha,https://fantraximg.com/assets/images/logos/sportsteam/epl/Crystal_Palace.png,,717,W <small>(Thu)</small>,"Waiver Wire - Off Thu Jan 22, 9:00 AM PST",,CRY 1<br/>@SUN 2 F,CRY 1,False,@SUN 2 F,06c2c,0,0,0%,0%,
06c4h,Hjalmar Ekdal,,,BUR,Burnley,BUR,110223,D,D,703,703,703,5,,206,H. Ekdal,hjalmar-ekdal,https://fantraximg.com/assets/images/logos/sportsteam/epl/Burnley_3.png,,206,W <small>(Thu)</small>,"Waiver Wire - Off Thu Jan 22, 9:00 AM PST",,BUR 1<br/>@LIV 1 F,BUR 1,False,@LIV 1 F,06c7a,89,5.93,2%,0%,
05raa,Hugo Bueno,,,WOL,Wolverhampton,WOL,110191,D,D,703,703,703,,,116,H. Bueno,hugo-bueno,https://fantraximg.com/assets/images/logos/sportsteam/epl/Wolverhampton_Wanderers.png,2,116,scout,1 - scout skegghorst (trouttreghorst),0cyx6ukymc719rep,NEW<br/>Sun 6:00AM,NEW,False,Sun 6:00AM,06c2e,140,7.78,30%,+9%,1.0
06zbz,Hugo Ekitiké,,,LIV,Liverpool,LIV,110070,F,F,701,701,701,,,74,H. Ekitiké,hugo-ekitike,https://fantraximg.com/assets/images/logos/sportsteam/epl/Liverpool.png,,74,kinge,1 - Boomsakalaka (kingeric7.),4w3svguhmc719rep,BUR 1<br/>@LIV 1 F,BUR 1,False,@LIV 1 F,06c7a,174.25,9.17,96%,0%,
05w91,Hwang Hee-Chan,,,WOL,Wolverhampton,WOL,110191,F,F,701,701,701,4,,273,Hwang Hee-Chan,hee-chan-hwang,https://fantraximg.com/assets/images/logos/sportsteam/epl/Wolverhampton_Wanderers.png,2,273,FA,Free Agent,,NEW<br/>Sun 6:00AM,NEW,False,Sun 6:00AM,06c2e,63.5,3.97,7%,-3%,-1.0
052cb,Ian Maatsen,,,AVL,Aston Villa,AVL,110011,D,D,703,703,703,4,,282,I. Maatsen,ian-maatsen,https://fantraximg.com/assets/images/logos/sportsteam/epl/Aston_Villa.png,2,282,FA,Free Agent,,EVE<br/>Sun 8:30AM,EVE,False,Sun 8:30AM,06c27,59.5,3.97,31%,+2%,1.0
04ym3,Ian Poveda-Ocampo,,,SUN,Sunderland,SUN,110141,F,F,701,701,701,5,,754,I. Poveda-Ocampo,ian-poveda-ocampo,https://fantraximg.com/assets/images/logos/sportsteam/epl/Sunderland.png,,754,W <small>(Thu)</small>,"Waiver Wire - Off Thu Jan 22, 9:00 AM PST",,CRY 1<br/>@SUN 2 F,CRY 1,False,@SUN 2 F,06c2c,0,0,0%,0%,
06fxu,Ibrahim Sangare,,,NOT,Nottingham Forest,NOT,110105,M,M,702,702,702,5,,204,I. Sangare,ibrahim-sangare,https://fantraximg.com/assets/images/logos/sportsteam/epl/Nottingham_Forest.png,,204,W <small>(Thu)</small>,"Waiver Wire - Off Thu Jan 22, 9:00 AM PST",,ARS 0<br/>@NOT 0 F,ARS 0,False,@NOT 0 F,06c2b,89.5,6.39,4%,+1%,1.0
05u7f,Ibrahima Konate,,,LIV,Liverpool,LIV,110070,D,D,703,703,703,,,53,I. Konate,ibrahima-konate,https://fantraximg.com/assets/images/logos/sportsteam/epl/Liverpool.png,,53,DFFC,1 - Darth Fernandes FC (jacobnorman14),ew8egddsmc719rep,BUR 1<br/>@LIV 1 F,BUR 1,False,@LIV 1 F,06c7a,191.25,8.69,96%,+4%,1.0
03rxa,Idrissa Gueye,,,EVE,Everton,EVE,110050,M,M,702,702,702,4,,253,I. Gueye,idrissa-gueye,https://fantraximg.com/assets/images/logos/sportsteam/epl/Everton.png,,253,FA,Free Agent,,@AVL<br/>Sun 8:30AM,AVL,True,Sun 8:30AM,06c27,69.5,5.35,13%,0%,
06y9o,Igor Jesus Maciel da Cruz,,,NOT,Nottingham Forest,NOT,110105,F,F,701,701,701,5,,237,I. Maciel da Cruz,igor-jesus-maciel-da-cruz,https://fantraximg.com/assets/images/logos/sportsteam/epl/Nottingham_Forest.png,,237,W <small>(Thu)</small>,"Waiver Wire - Off Thu Jan 22, 9:00 AM PST",,ARS 0<br/>@NOT 0 F,ARS 0,False,@NOT 0 F,06c2b,79.25,3.77,20%,-12%,-1.0
06eka,Igor Julio,,,WHU,West Ham United,WHU,110175,D,D,703,703,703,5,,438,Igor Julio,igor-julio-dos-santos-de-paulo,https://fantraximg.com/assets/images/logos/sportsteam/epl/West_Ham_United.png,,438,W <small>(Thu)</small>,"Waiver Wire - Off Thu Jan 22, 9:00 AM PST",,WHU 2<br/>@TOT 1 F,WHU 2,False,@TOT 1 F,06c2d,5.5,1.38,0%,0%,
06mn0,Igor Thiago,,,BRF,Brentford,BRF,110237,F,F,701,701,701,,,4,Igor Thiago,igor-thiago-nascimento-rodrigues,https://fantraximg.com/assets/images/logos/sportsteam/epl/Brentford.png,,4,ramgo,1 - Troy McClure's Fish Fetish (ramgorn),xwd21t85mc719rep,BRF 0<br/>@CHE 2 F,BRF 0,False,@CHE 2 F,06c29,286.25,13.01,98%,0%,
06v01,Ilia Gruev,,,LEE,Leeds United,LEE,110261,M,M,702,702,702,5,,288,I. Gruev,ilia-gruev,https://fantraximg.com/assets/images/logos/sportsteam/epl/Leeds_United2.png,,288,W <small>(Thu)</small>,"Waiver Wire - Off Thu Jan 22, 9:00 AM PST",,FUL 0<br/>@LEE 1 F,FUL 0,False,@LEE 1 F,06c79,57.25,4.4,1%,+1%,1.0
05r94,Iliman Ndiaye,,,EVE,Everton,EVE,110050,M,M,701,702,702,,,84,I. Ndiaye,iliman-ndiaye,https://fantraximg.com/assets/images/logos/sportsteam/epl/Everton.png,,84,zach0,1 - Start Dowman (zach082826),5kp58voomc719rep,@AVL<br/>Sun 8:30AM,AVL,True,Sun 8:30AM,06c27,164.5,10.28,98%,+1%,1.0
0435t,Ilkay Gundogan,,,MCI,Manchester City,MCI,110080,M,M,702,702,702,5,,614,I. Gundogan,ilkay-gundogan,https://fantraximg.com/assets/images/logos/sportsteam/epl/Manchester_City.png,,614,W <small>(Thu)</small>,"Waiver Wire - Off Thu Jan 22, 9:00 AM PST",,MCI 0<br/>@MUN 2 F,MCI 0,False,@MUN 2 F,06c2a,0,0,1%,0%,
05mzt,Illan Meslier,,,LEE,Leeds United,LEE,110261,G,G,704,704,704,5,,699,I. Meslier,illan-meslier,https://fantraximg.com/assets/images/logos/sportsteam/epl/Leeds_United2.png,,699,W <small>(Thu)</small>,"Waiver Wire - Off Thu Jan 22, 9:00 AM PST",,FUL 0<br/>@LEE 1 F,FUL 0,False,@LEE 1 F,06c79,0,0,2%,0%,
068yi,Illia Zabarnyi,,,BOU,Bournemouth,BOU,110034,D,D,703,703,703,4,,850,I. Zabarnyi,illia-zabarnyi,https://fantraximg.com/assets/images/logos/sportsteam/epl/Bournemouth.png,,850,FA,Free Agent,,@BHA<br/>Mon 12:00PM,BHA,True,Mon 12:00PM,06c28,0,0,2%,0%,
035mq,Isaac Hayden,,,NEW,Newcastle United,NEW,110101,M,M,702,702,702,4,,626,I. Hayden,isaac-hayden,https://fantraximg.com/assets/images/logos/sportsteam/epl/Newcastle_United.png,,626,FA,Free Agent,,@WOL<br/>Sun 6:00AM,WOL,True,Sun 6:00AM,06c2e,0,0,0%,0%,
06rnm,Isaac Heath,,,EVE,Everton,EVE,110050,F,F,701,701,701,4,,627,I. Heath,isaac-heath,https://fantraximg.com/assets/images/logos/sportsteam/epl/Everton.png,,627,FA,Free Agent,,@AVL<br/>Sun 8:30AM,AVL,True,Sun 8:30AM,06c27,0,0,0%,0%,
06uzx,Isaac Schmidt,,,LEE,Leeds United,LEE,110261,D,D,703,703,703,5,,787,I. Schmidt,isaac-schmidt,https://fantraximg.com/assets/images/logos/sportsteam/epl/Leeds_United2.png,,787,W <small>(Thu)</small>,"Waiver Wire - Off Thu Jan 22, 9:00 AM PST",,FUL 0<br/>@LEE 1 F,FUL 0,False,@LEE 1 F,06c79,0,0,0%,0%,
05748,Ismaila Sarr,,,CRY,Crystal Palace,CRY,110045,M,M,701,702,702,,,198,I. Sarr,ismaila-sarr,https://fantraximg.com/assets/images/logos/sportsteam/epl/Crystal_Palace.png,,198,zach0,1 - Start Dowman (zach082826),5kp58voomc719rep,CRY 1<br/>@SUN 2 F,CRY 1,False,@SUN 2 F,06c2c,91.25,7.6,83%,+1%,1.0
06pms,Ismeal Kabia,,,ARS,Arsenal,ARS,110000,F,F,701,701,701,5,,654,I. Kabia,ismeal-kabia,https://fantraximg.com/assets/images/logos/sportsteam/epl/Arsenal.png,,654,W <small>(Thu)</small>,"Waiver Wire - Off Thu Jan 22, 9:00 AM PST",,ARS 0<br/>@NOT 0 F,ARS 0,False,@NOT 0 F,06c2b,0,0,0%,0%,
04qos,Issa Diop,,,FUL,Fulham,FUL,110063,D,D,703,703,703,5,,408,I. Diop,issa-diop,https://fantraximg.com/assets/images/logos/sportsteam/epl/Fulham.png,,408,W <small>(Thu)</small>,"Waiver Wire - Off Thu Jan 22, 9:00 AM PST",,FUL 0<br/>@LEE 1 F,FUL 0,False,@LEE 1 F,06c79,12.5,1.56,0%,0%,
062cl,Issa Kabore,,,MCI,Manchester City,MCI,110080,D,D,703,703,703,5,,655,I. Kabore,issa-kabore,https://fantraximg.com/assets/images/logos/sportsteam/epl/Manchester_City.png,,655,W <small>(Thu)</small>,"Waiver Wire - Off Thu Jan 22, 9:00 AM PST",,MCI 0<br/>@MUN 2 F,MCI 0,False,@MUN 2 F,06c2a,0,0,0%,0%,
06mul,Jack Fletcher,,,MUN,Manchester United,MUN,110090,M,M,702,702,702,5,,430,J. Fletcher,jack-fletcher,https://fantraximg.com/assets/images/logos/sportsteam/epl/Manchester_United.png,,430,W <small>(Thu)</small>,"Waiver Wire - Off Thu Jan 22, 9:00 AM PST",,MCI 0<br/>@MUN 2 F,MCI 0,False,@MUN 2 F,06c2a,6.5,2.17,0%,0%,
02lm7,Jack Grealish,,,EVE,Everton,EVE,110050,M,M,702,702,702,,,45,J. Grealish,jack-grealish,https://fantraximg.com/assets/images/logos/sportsteam/epl/Everton.png,2,45,DFFC,1 - Darth Fernandes FC (jacobnorman14),ew8egddsmc719rep,@AVL<br/>Sun 8:30AM,AVL,True,Sun 8:30AM,06c27,193.25,10.17,97%,0%,
04spq,Jack Harrison,,,LEE,Leeds United,LEE,110261,M,M,701,702,702,5,,388,J. Harrison,jack-harrison,https://fantraximg.com/assets/images/logos/sportsteam/epl/Leeds_United2.png,,388,W <small>(Thu)</small>,"Waiver Wire - Off Thu Jan 22, 9:00 AM PST",,FUL 0<br/>@LEE 1 F,FUL 0,False,@LEE 1 F,06c79,19,1.73,3%,0%,
067ys,Jack Hinshelwood,,,BHA,Brighton,BHA,110240,M,M,702,702,702,4,,302,J. Hinshelwood,jack-hinshelwood,https://fantraximg.com/assets/images/logos/sportsteam/epl/Brighton_and_Hove_Albion.png,,302,FA,Free Agent,,BOU<br/>Mon 12:00PM,BOU,False,Mon 12:00PM,06c28,52.75,4.4,5%,0%,
072dy,Jack Thompson,,,NOT,Nottingham Forest,NOT,110105,D,D,703,703,703,5,,812,J. Thompson,jack-thompson,https://fantraximg.com/assets/images/logos/sportsteam/epl/Nottingham_Forest.png,,812,W <small>(Thu)</small>,"Waiver Wire - Off Thu Jan 22, 9:00 AM PST",,ARS 0<br/>@NOT 0 F,ARS 0,False,@NOT 0 F,06c2b,0,0,0%,0%,
070eq,Jack Whittaker,,,SUN,Sunderland,SUN,110141,M,M,702,702,702,5,,835,J. Whittaker,jack-whittaker,https://fantraximg.com/assets/images/logos/sportsteam/epl/Sunderland.png,,835,W <small>(Thu)</small>,"Waiver Wire - Off Thu Jan 22, 9:00 AM PST",,CRY 1<br/>@SUN 2 F,CRY 1,False,@SUN 2 F,06c2c,0,0,0%,0%,
070bg,Jackson Tchatchoua,,,WOL,Wolverhampton,WOL,110191,D,D,703,703,703,4,,247,J. Tchatchoua,jackson-tchatchoua,https://fantraximg.com/assets/images/logos/sportsteam/epl/Wolverhampton_Wanderers.png,2,247,FA,Free Agent,,NEW<br/>Sun 6:00AM,NEW,False,Sun 6:00AM,06c2e,71.5,3.58,1%,0%,
06dwm,Jacob Bruun Larsen,,,BUR,Burnley,BUR,110223,F,F,701,701,701,5,,289,J. Bruun Larsen,jacob-bruun-larsen,https://fantraximg.com/assets/images/logos/sportsteam/epl/Burnley_3.png,,289,W <small>(Thu)</small>,"Waiver Wire - Off Thu Jan 22, 9:00 AM PST",,BUR 1<br/>@LIV 1 F,BUR 1,False,@LIV 1 F,06c7a,57,3.17,2%,-1%,-1.0
03am7,Jacob Murphy,,,NEW,Newcastle United,NEW,110101,M,M,702,702,702,4,,141,J. Murphy,jacob-murphy,https://fantraximg.com/assets/images/logos/sportsteam/epl/Newcastle_United.png,,141,FA,Free Agent,,@WOL<br/>Sun 6:00AM,WOL,True,Sun 6:00AM,06c2e,126,7,68%,-8%,-1.0
051k3,Jacob Ramsey,,,NEW,Newcastle United,NEW,110101,M,M,702,702,702,4,,343,J. Ramsey,jacob-ramsey,https://fantraximg.com/assets/images/logos/sportsteam/epl/Newcastle_United.png,,343,FA,Free Agent,,@WOL<br/>Sun 6:00AM,WOL,True,Sun 6:00AM,06c2e,36,3,5%,0%,
06nbw,Jaden Heskey,,,MCI,Manchester City,MCI,110080,F,F,701,701,701,5,,634,J. Heskey,jaden-heskey,https://fantraximg.com/assets/images/logos/sportsteam/epl/Manchester_City.png,,634,W <small>(Thu)</small>,"Waiver Wire - Off Thu Jan 22, 9:00 AM PST",,MCI 0<br/>@MUN 2 F,MCI 0,False,@MUN 2 F,06c2a,0,0,0%,0%,
04gw7,Jadon Sancho,,,AVL,Aston Villa,AVL,110011,M,M,701,702,702,4,,379,J. Sancho,jadon-sancho,https://fantraximg.com/assets/images/logos/sportsteam/epl/Aston_Villa.png,,379,FA,Free Agent,,EVE<br/>Sun 8:30AM,EVE,False,Sun 8:30AM,06c27,24.25,2.2,5%,-7%,-1.0
061vk,Jaidon Anthony,,,BUR,Burnley,BUR,110223,F,F,701,701,701,5,,102,J. Anthony,jaidon-anthony,https://fantraximg.com/assets/images/logos/sportsteam/epl/Burnley_3.png,,102,W <small>(Thu)</small>,"Waiver Wire - Off Thu Jan 22, 9:00 AM PST",,BUR 1<br/>@LIV 1 F,BUR 1,False,@LIV 1 F,06c7a,149.5,7.12,61%,+4%,1.0
06ygm,Jair Paula da Cunha Filho,,,NOT,Nottingham Forest,NOT,110105,D,D,703,703,703,5,,432,J. Paula da Cunha Filho,jair-paula-da-cunha-filho,https://fantraximg.com/assets/images/logos/sportsteam/epl/Nottingham_Forest.png,,432,W <small>(Thu)</small>,"Waiver Wire - Off Thu Jan 22, 9:00 AM PST",,ARS 0<br/>@NOT 0 F,ARS 0,False,@NOT 0 F,06c2b,6.5,6.5,1%,0%,
06v51,Jaka Bijol,,,LEE,Leeds United,LEE,110261,D,D,703,703,703,,,171,J. Bijol,jaka-bijol,https://fantraximg.com/assets/images/logos/sportsteam/epl/Leeds_United2.png,,171,ramgo,1 - Troy McClure's Fish Fetish (ramgorn),xwd21t85mc719rep,FUL 0<br/>@LEE 1 F,FUL 0,False,@LEE 1 F,06c79,109.5,9.12,18%,+1%,1.0
062oh,Jake O'Brien,,,EVE,Everton,EVE,110050,D,D,703,703,703,,,72,J. O'Brien,jake-obrien,https://fantraximg.com/assets/images/logos/sportsteam/epl/Everton.png,2,72,scout,1 - scout skegghorst (trouttreghorst),0cyx6ukymc719rep,@AVL<br/>Sun 8:30AM,AVL,True,Sun 8:30AM,06c27,176,8.38,60%,-6%,-1.0
068sd,Jakub Kiwior,,,ARS,Arsenal,ARS,110000,D,D,703,703,703,5,,661,J. Kiwior,jakub-kiwior,https://fantraximg.com/assets/images/logos/sportsteam/epl/Arsenal.png,,661,W <small>(Thu)</small>,"Waiver Wire - Off Thu Jan 22, 9:00 AM PST",,ARS 0<br/>@NOT 0 F,ARS 0,False,@NOT 0 F,06c2b,0,0,0%,0%,
03pig,Jamaal Lascelles,,,NEW,Newcastle United,NEW,110101,D,D,703,703,703,4,,466,J. Lascelles,jamaal-lascelles,https://fantraximg.com/assets/images/logos/sportsteam/epl/Newcastle_United.png,,466,FA,Free Agent,,@WOL<br/>Sun 6:00AM,WOL,True,Sun 6:00AM,06c2e,1,0.5,0%,0%,
06prv,Jamaldeen Jimoh,,,AVL,Aston Villa,AVL,110011,M,M,702,702,702,4,,649,J. Jimoh,jamaldeen-jimoh,https://fantraximg.com/assets/images/logos/sportsteam/epl/Aston_Villa.png,,649,FA,Free Agent,,EVE<br/>Sun 8:30AM,EVE,False,Sun 8:30AM,06c27,0,0,0%,0%,
04spw,James Garner,,,EVE,Everton,EVE,110050,M,M,702,702,702,,,17,J. Garner,james-garner,https://fantraximg.com/assets/images/logos/sportsteam/epl/Everton.png,2,17,ramgo,1 - Troy McClure's Fish Fetish (ramgorn),xwd21t85mc719rep,@AVL<br/>Sun 8:30AM,AVL,True,Sun 8:30AM,06c27,221.75,10.56,83%,0%,
061vb,James Hill,,,BOU,Bournemouth,BOU,110034,D,D,703,703,703,,,252,J. Hill,james-hill,https://fantraximg.com/assets/images/logos/sportsteam/epl/Bournemouth.png,,252,scout,1 - scout skegghorst (trouttreghorst),0cyx6ukymc719rep,@BHA<br/>Mon 12:00PM,BHA,True,Mon 12:00PM,06c28,69.75,5.81,3%,0%,
0521z,James Justin,,,LEE,Leeds United,LEE,110261,D,D,703,703,703,5,,309,J. Justin,james-justin,https://fantraximg.com/assets/images/logos/sportsteam/epl/Leeds_United2.png,,309,W <small>(Thu)</small>,"Waiver Wire - Off Thu Jan 22, 9:00 AM PST",,FUL 0<br/>@LEE 1 F,FUL 0,False,@LEE 1 F,06c79,48.75,3.75,2%,+1%,1.0
0414o,James Maddison,,,TOT,Tottenham Hotspur,TOT,110160,M,M,702,702,702,5,,681,J. Maddison,james-maddison,https://fantraximg.com/assets/images/logos/sportsteam/epl/Tottenham_Hotspur.png,,681,W <small>(Thu)</small>,"Waiver Wire - Off Thu Jan 22, 9:00 AM PST",,WHU 2<br/>@TOT 1 F,WHU 2,False,@TOT 1 F,06c2d,0,0,23%,0%,
05uhs,James Mcatee,,,NOT,Nottingham Forest,NOT,110105,M,M,702,702,702,5,,422,J. Mcatee,james-mcatee,https://fantraximg.com/assets/images/logos/sportsteam/epl/Nottingham_Forest.png,,422,W <small>(Thu)</small>,"Waiver Wire - Off Thu Jan 22, 9:00 AM PST",,ARS 0<br/>@NOT 0 F,ARS 0,False,@NOT 0 F,06c2b,7.75,1.11,3%,0%,
02lv9,James Milner,,,BHA,Brighton,BHA,110240,M,M,702,702,702,4,,346,J. Milner,james-milner,https://fantraximg.com/assets/images/logos/sportsteam/epl/Brighton_and_Hove_Albion.png,,346,FA,Free Agent,,BOU<br/>Mon 12:00PM,BOU,False,Mon 12:00PM,06c28,35.75,2.98,1%,0%,
06zc5,James Rowswell,,,TOT,Tottenham Hotspur,TOT,110160,D,D,703,703,703,5,,776,J. Rowswell,james-rowswell,https://fantraximg.com/assets/images/logos/sportsteam/epl/Tottenham_Hotspur.png,,776,W <small>(Thu)</small>,"Waiver Wire - Off Thu Jan 22, 9:00 AM PST",,WHU 2<br/>@TOT 1 F,WHU 2,False,@TOT 1 F,06c2d,0,0,0%,0%,
0427d,James Tarkowski,,,EVE,Everton,EVE,110050,D,D,703,703,703,,,7,J. Tarkowski,james-tarkowski,https://fantraximg.com/assets/images/logos/sportsteam/epl/Everton.png,2,7,DFFC,1 - Darth Fernandes FC (jacobnorman14),ew8egddsmc719rep,@AVL<br/>Sun 8:30AM,AVL,True,Sun 8:30AM,06c27,273.25,13.01,99%,0%,
05oz3,James Trafford,,,MCI,Manchester City,MCI,110080,G,G,704,704,704,5,,357,J. Trafford,james-trafford,https://fantraximg.com/assets/images/logos/sportsteam/epl/Manchester_City.png,,357,W <small>(Thu)</small>,"Waiver Wire - Off Thu Jan 22, 9:00 AM PST",,MCI 0<br/>@MUN 2 F,MCI 0,False,@MUN 2 F,06c2a,31.5,10.5,22%,0%,
02oq8,James Ward-Prowse,,,WHU,West Ham United,WHU,110175,M,M,702,702,702,5,,336,J. Ward-Prowse,james-ward-prowse,https://fantraximg.com/assets/images/logos/sportsteam/epl/West_Ham_United.png,,336,W <small>(Thu)</small>,"Waiver Wire - Off Thu Jan 22, 9:00 AM PST",,WHU 2<br/>@TOT 1 F,WHU 2,False,@TOT 1 F,06c2d,38.25,7.65,18%,0%,
06avm,James Wright,,,AVL,Aston Villa,AVL,110011,G,G,704,704,704,4,,846,J. Wright,james-wright,https://fantraximg.com/assets/images/logos/sportsteam/epl/Aston_Villa.png,,846,FA,Free Agent,,EVE<br/>Sun 8:30AM,EVE,False,Sun 8:30AM,06c27,0,0,0%,0%,
066t3,Jamie Donley,,,TOT,Tottenham Hotspur,TOT,110160,F,F,701,701,701,5,,578,J. Donley,jamie-donley,https://fantraximg.com/assets/images/logos/sportsteam/epl/Tottenham_Hotspur.png,,578,W <small>(Thu)</small>,"Waiver Wire - Off Thu Jan 22, 9:00 AM PST",,WHU 2<br/>@TOT 1 F,WHU 2,False,@TOT 1 F,06c2d,0,0,0%,0%,
06y9n,Jamie Gittens,,,CHE,Chelsea,CHE,110040,F,F,701,701,701,5,,293,J. Gittens,jamie-gittens,https://fantraximg.com/assets/images/logos/sportsteam/epl/Chelsea.png,,293,W <small>(Thu)</small>,"Waiver Wire - Off Thu Jan 22, 9:00 AM PST",,BRF 0<br/>@CHE 2 F,BRF 0,False,@CHE 2 F,06c29,56.25,4.02,28%,0%,
05oh0,Jan-Paul van Hecke,,,BHA,Brighton,BHA,110240,D,D,703,703,703,,,56,J. van Hecke,jan-paul-van-hecke,https://fantraximg.com/assets/images/logos/sportsteam/epl/Brighton_and_Hove_Albion.png,2,56,ramgo,1 - Troy McClure's Fish Fetish (ramgorn),xwd21t85mc719rep,BOU<br/>Mon 12:00PM,BOU,False,Mon 12:00PM,06c28,187.75,9.39,77%,+3%,1.0
05l27,Jarrad Branthwaite,,,EVE,Everton,EVE,110050,D,D,703,703,703,4,,529,J. Branthwaite,jarrad-branthwaite,https://fantraximg.com/assets/images/logos/sportsteam/epl/Everton.png,,529,FA,Free Agent,,@AVL<br/>Sun 8:30AM,AVL,True,Sun 8:30AM,06c27,0,0,24%,+2%,1.0
046c5,Jarrod Bowen,,,WHU,West Ham United,WHU,110175,F,F,701,701,701,,,50,J. Bowen,jarrod-bowen,https://fantraximg.com/assets/images/logos/sportsteam/epl/West_Ham_United.png,,50,hogan_m,"1 - Yoro wizard, Harry! (hogan_m)",3uxxpgpemc719rep,WHU 2<br/>@TOT 1 F,WHU 2,False,@TOT 1 F,06c2d,192.25,8.74,100%,0%,
04rha,Jason Steele,,,BHA,Brighton,BHA,110240,G,G,704,704,704,4,,803,J. Steele,jason-steele,https://fantraximg.com/assets/images/logos/sportsteam/epl/Brighton_and_Hove_Albion.png,,803,FA,Free Agent,,BOU<br/>Mon 12:00PM,BOU,False,Mon 12:00PM,06c28,0,0,1%,0%,
06xzo,Jay Matete,,,SUN,Sunderland,SUN,110141,M,M,702,702,702,5,,689,J. Matete,jay-matete,https://fantraximg.com/assets/images/logos/sportsteam/epl/Sunderland.png,,689,W <small>(Thu)</small>,"Waiver Wire - Off Thu Jan 22, 9:00 AM PST",,CRY 1<br/>@SUN 2 F,CRY 1,False,@SUN 2 F,06c2c,0,0,0%,0%,
070hb,Jaydee Canvot,,,CRY,Crystal Palace,CRY,110045,D,D,703,703,703,5,,338,J. Canvot,jaydee-canvot,https://fantraximg.com/assets/images/logos/sportsteam/epl/Crystal_Palace.png,,338,W <small>(Thu)</small>,"Waiver Wire - Off Thu Jan 22, 9:00 AM PST",,CRY 1<br/>@SUN 2 F,CRY 1,False,@SUN 2 F,06c2c,37.5,4.69,1%,0%,
05o8o,Jayden Bogle,,,LEE,Leeds United,LEE,110261,D,D,703,703,703,5,,186,J. Bogle,jayden-bogle,https://fantraximg.com/assets/images/logos/sportsteam/epl/Leeds_United2.png,,186,W <small>(Thu)</small>,"Waiver Wire - Off Thu Jan 22, 9:00 AM PST",,FUL 0<br/>@LEE 1 F,FUL 0,False,@LEE 1 F,06c79,102.25,5.11,16%,0%,
06klv,Jayden Danns,,,LIV,Liverpool,LIV,110070,F,F,701,701,701,5,,566,J. Danns,jayden-danns,https://fantraximg.com/assets/images/logos/sportsteam/epl/Liverpool.png,,566,W <small>(Thu)</small>,"Waiver Wire - Off Thu Jan 22, 9:00 AM PST",,BUR 1<br/>@LIV 1 F,BUR 1,False,@LIV 1 F,06c7a,0,0,0%,0%,
070ep,Jayden Jones,,,SUN,Sunderland,SUN,110141,M,M,702,702,702,5,,652,J. Jones,jayden-jones,https://fantraximg.com/assets/images/logos/sportsteam/epl/Sunderland.png,,652,W <small>(Thu)</small>,"Waiver Wire - Off Thu Jan 22, 9:00 AM PST",,CRY 1<br/>@SUN 2 F,CRY 1,False,@SUN 2 F,06c2c,0,0,0%,0%,
06mgk,Jayden Meghoma,,,BRF,Brentford,BRF,110237,D,D,703,703,703,5,,696,J. Meghoma,jayden-meghoma,https://fantraximg.com/assets/images/logos/sportsteam/epl/Brentford.png,,696,W <small>(Thu)</small>,"Waiver Wire - Off Thu Jan 22, 9:00 AM PST",,BRF 0<br/>@CHE 2 F,BRF 0,False,@CHE 2 F,06c29,0,0,0%,0%,
06uzr,Jaydon Banel,,,BUR,Burnley,BUR,110223,F,F,701,701,701,5,,510,J. Banel,jaydon-banel,https://fantraximg.com/assets/images/logos/sportsteam/epl/Burnley_3.png,,510,W <small>(Thu)</small>,"Waiver Wire - Off Thu Jan 22, 9:00 AM PST",,BUR 1<br/>@LIV 1 F,BUR 1,False,@LIV 1 F,06c7a,0,0,0%,0%,
06onx,Jean-Clair Todibo,,,WHU,West Ham United,WHU,110175,D,D,703,703,703,5,,278,J. Todibo,jean-clair-todibo,https://fantraximg.com/assets/images/logos/sportsteam/epl/West_Ham_United.png,,278,W <small>(Thu)</small>,"Waiver Wire - Off Thu Jan 22, 9:00 AM PST",,WHU 2<br/>@TOT 1 F,WHU 2,False,@TOT 1 F,06c2d,62,3.88,1%,0%,
05r8o,Jean-Philippe Mateta,,,CRY,Crystal Palace,CRY,110045,F,F,701,701,701,,,57,J. Mateta,jean-philippe-mateta,https://fantraximg.com/assets/images/logos/sportsteam/epl/Crystal_Palace.png,,57,aokel,1 - Danny Carve a Hole (aokelly94),3soymulymc719reo,CRY 1<br/>@SUN 2 F,CRY 1,False,@SUN 2 F,06c2c,186.5,8.48,99%,0%,
06fxv,Jean-Ricner Bellegarde,,,WOL,Wolverhampton,WOL,110191,M,M,702,702,702,4,,290,J. Bellegarde,jean-ricner-bellegarde,https://fantraximg.com/assets/images/logos/sportsteam/epl/Wolverhampton_Wanderers.png,,290,FA,Free Agent,,NEW<br/>Sun 6:00AM,NEW,False,Sun 6:00AM,06c2e,56.75,4.05,12%,0%,
04tzt,Jefferson Lerma,,,CRY,Crystal Palace,CRY,110045,M,M,702,702,702,5,,244,J. Lerma,jefferson-lerma,https://fantraximg.com/assets/images/logos/sportsteam/epl/Crystal_Palace.png,,244,W <small>(Thu)</small>,"Waiver Wire - Off Thu Jan 22, 9:00 AM PST",,CRY 1<br/>@SUN 2 F,CRY 1,False,@SUN 2 F,06c2c,74,3.89,2%,+1%,1.0
070eo,Jenson Jones,,,SUN,Sunderland,SUN,110141,M,M,703,702,702,5,,653,J. Jones,jenson-jones,https://fantraximg.com/assets/images/logos/sportsteam/epl/Sunderland.png,,653,W <small>(Thu)</small>,"Waiver Wire - Off Thu Jan 22, 9:00 AM PST",,CRY 1<br/>@SUN 2 F,CRY 1,False,@SUN 2 F,06c2c,0,0,0%,0%,
06v0f,Jenson Seelt,,,SUN,Sunderland,SUN,110141,D,D,703,703,703,5,,439,J. Seelt,jenson-seelt,https://fantraximg.com/assets/images/logos/sportsteam/epl/Sunderland.png,,439,W <small>(Thu)</small>,"Waiver Wire - Off Thu Jan 22, 9:00 AM PST",,CRY 1<br/>@SUN 2 F,CRY 1,False,@SUN 2 F,06c2c,5.25,2.62,0%,0%,
06v05,Jeremie Frimpong,,,LIV,Liverpool,LIV,110070,D,D,703,703,703,,,218,J. Frimpong,jeremie-frimpong,https://fantraximg.com/assets/images/logos/sportsteam/epl/Liverpool.png,,218,DFFC,1 - Darth Fernandes FC (jacobnorman14),ew8egddsmc719rep,BUR 1<br/>@LIV 1 F,BUR 1,False,@LIV 1 F,06c7a,85.25,8.53,94%,+4%,1.0
06fup,Jeremy Doku,,,MCI,Manchester City,MCI,110080,M,M,701,702,702,,,12,J. Doku,jeremy-doku,https://fantraximg.com/assets/images/logos/sportsteam/epl/Manchester_City.png,,12,zach0,1 - Start Dowman (zach082826),5kp58voomc719rep,MCI 0<br/>@MUN 2 F,MCI 0,False,@MUN 2 F,06c2a,229,12.05,99%,0%,
05x9k,Jeremy Sarmiento,,,BHA,Brighton,BHA,110240,M,M,702,702,702,4,,785,J. Sarmiento,jeremy-sarmiento,https://fantraximg.com/assets/images/logos/sportsteam/epl/Brighton_and_Hove_Albion.png,,785,FA,Free Agent,,BOU<br/>Mon 12:00PM,BOU,False,Mon 12:00PM,06c28,0,0,0%,0%,
05rjn,Jesurun Rak-Sakyi,,,CRY,Crystal Palace,CRY,110045,M,M,701,702,702,5,,757,J. Rak-Sakyi,jesurun-rak-sakyi,https://fantraximg.com/assets/images/logos/sportsteam/epl/Crystal_Palace.png,,757,W <small>(Thu)</small>,"Waiver Wire - Off Thu Jan 22, 9:00 AM PST",,CRY 1<br/>@SUN 2 F,CRY 1,False,@SUN 2 F,06c2c,0,0,0%,0%,
06zce,Jhon Arias,,,WOL,Wolverhampton,WOL,110191,M,M,702,702,702,4,,234,J. Arias,jhon-arias,https://fantraximg.com/assets/images/logos/sportsteam/epl/Wolverhampton_Wanderers.png,,234,FA,Free Agent,,NEW<br/>Sun 6:00AM,NEW,False,Sun 6:00AM,06c2e,80.25,4.01,16%,-3%,-1.0
0700r,Jimmy Sinclair,,,NOT,Nottingham Forest,NOT,110105,M,M,702,702,702,5,,794,J. Sinclair,jimmy-sinclair,https://fantraximg.com/assets/images/logos/sportsteam/epl/Nottingham_Forest.png,,794,W <small>(Thu)</small>,"Waiver Wire - Off Thu Jan 22, 9:00 AM PST",,ARS 0<br/>@NOT 0 F,ARS 0,False,@NOT 0 F,06c2b,0,0,0%,0%,
05os8,Joachim Andersen,,,FUL,Fulham,FUL,110063,D,D,703,703,703,5,,97,J. Andersen,joachim-andersen,https://fantraximg.com/assets/images/logos/sportsteam/epl/Fulham.png,,97,W <small>(Thu)</small>,"Waiver Wire - Off Thu Jan 22, 9:00 AM PST",,FUL 0<br/>@LEE 1 F,FUL 0,False,@LEE 1 F,06c79,153,7.29,46%,+4%,1.0
068yd,Joao Gomes,,,WOL,Wolverhampton,WOL,110191,M,M,702,702,702,4,,183,Joao Gomes,joao-victor-gomes-da-silva,https://fantraximg.com/assets/images/logos/sportsteam/epl/Wolverhampton_Wanderers.png,2,183,FA,Free Agent,,NEW<br/>Sun 6:00AM,NEW,False,Sun 6:00AM,06c2e,103.5,5.17,22%,+1%,1.0
05g2o,Joao Pedro,,,CHE,Chelsea,CHE,110040,F,F,701,701,701,,,37,Joao Pedro,joao-pedro-junqueira-de-jesus,https://fantraximg.com/assets/images/logos/sportsteam/epl/Chelsea.png,,37,plist,1 - Baby Jesus (plisterud),4kktj7fqmc719rep,BRF 0<br/>@CHE 2 F,BRF 0,False,@CHE 2 F,06c29,200.5,9.11,100%,0%,
06jgt,Joe Gauci,,,AVL,Aston Villa,AVL,110011,G,G,704,704,704,4,,599,J. Gauci,joe-gauci,https://fantraximg.com/assets/images/logos/sportsteam/epl/Aston_Villa.png,,599,FA,Free Agent,,EVE<br/>Sun 8:30AM,EVE,False,Sun 8:30AM,06c27,0,0,0%,0%,
05n3u,Joe Gelhardt,,,LEE,Leeds United,LEE,110261,F,F,701,701,701,5,,600,J. Gelhardt,joe-gelhardt,https://fantraximg.com/assets/images/logos/sportsteam/epl/Leeds_United2.png,,600,W <small>(Thu)</small>,"Waiver Wire - Off Thu Jan 22, 9:00 AM PST",,FUL 0<br/>@LEE 1 F,FUL 0,False,@LEE 1 F,06c79,0,0,0%,0%,
06rkx,Joe Knight,,,BHA,Brighton,BHA,110240,M,M,702,702,702,4,,662,J. Knight,joe-knight,https://fantraximg.com/assets/images/logos/sportsteam/epl/Brighton_and_Hove_Albion.png,,662,FA,Free Agent,,BOU<br/>Mon 12:00PM,BOU,False,Mon 12:00PM,06c28,0,0,0%,0%,
03yqz,Joe Rodon,,,LEE,Leeds United,LEE,110261,D,D,703,703,703,5,,114,J. Rodon,joe-rodon,https://fantraximg.com/assets/images/logos/sportsteam/epl/Leeds_United2.png,,114,W <small>(Thu)</small>,"Waiver Wire - Off Thu Jan 22, 9:00 AM PST",,FUL 0<br/>@LEE 1 F,FUL 0,False,@LEE 1 F,06c79,142,7.1,28%,+1%,1.0
05wqy,Joe White,,,NEW,Newcastle United,NEW,110101,M,M,702,702,702,4,,833,J. White,joe-white,https://fantraximg.com/assets/images/logos/sportsteam/epl/Newcastle_United.png,,833,FA,Free Agent,,@WOL<br/>Sun 6:00AM,WOL,True,Sun 6:00AM,06c2e,0,0,0%,0%,
04ge6,Joe Willock,,,NEW,Newcastle United,NEW,110101,M,M,702,702,702,4,,386,J. Willock,joe-willock,https://fantraximg.com/assets/images/logos/sportsteam/epl/Newcastle_United.png,,386,FA,Free Agent,,@WOL<br/>Sun 6:00AM,WOL,True,Sun 6:00AM,06c2e,19.5,1.77,1%,0%,
061xw,Joe Worrall,,,BUR,Burnley,BUR,110223,D,D,703,703,703,5,,407,J. Worrall,joe-worrall,https://fantraximg.com/assets/images/logos/sportsteam/epl/Burnley_3.png,,407,W <small>(Thu)</small>,"Waiver Wire - Off Thu Jan 22, 9:00 AM PST",,BUR 1<br/>@LIV 1 F,BUR 1,False,@LIV 1 F,06c7a,12.75,2.12,0%,0%,
072h9,Joel Drakes-Thomas,,,CRY,Crystal Palace,CRY,110045,F,F,701,701,701,5,,464,J. Drakes-Thomas,joel-drakes-thomas,https://fantraximg.com/assets/images/logos/sportsteam/epl/Crystal_Palace.png,,464,W <small>(Thu)</small>,"Waiver Wire - Off Thu Jan 22, 9:00 AM PST",,CRY 1<br/>@SUN 2 F,CRY 1,False,@SUN 2 F,06c2c,1,0.5,0%,0%,
06v02,Joel Piroe,,,LEE,Leeds United,LEE,110261,F,F,701,701,701,5,,441,J. Piroe,joel-piroe,https://fantraximg.com/assets/images/logos/sportsteam/epl/Leeds_United2.png,,441,W <small>(Thu)</small>,"Waiver Wire - Off Thu Jan 22, 9:00 AM PST",,FUL 0<br/>@LEE 1 F,FUL 0,False,@LEE 1 F,06c79,5,0.5,16%,0%,
05mxa,Joel Veltman,,,BHA,Brighton,BHA,110240,D,D,703,703,703,4,,272,J. Veltman,joel-veltman,https://fantraximg.com/assets/images/logos/sportsteam/epl/Brighton_and_Hove_Albion.png,2,272,FA,Free Agent,,BOU<br/>Mon 12:00PM,BOU,False,Mon 12:00PM,06c28,64.25,5.84,6%,+1%,1.0
0554i,Joelinton,,,NEW,Newcastle United,NEW,110101,M,M,702,702,702,,,177,Joelinton,joelinton-cassio-apolinario-de-lira,https://fantraximg.com/assets/images/logos/sportsteam/epl/Newcastle_United.png,2,177,ideso,1 - Cucu Diddler Rella (idesofmarz),e1zcwbwfmc719rep,@WOL<br/>Sun 6:00AM,WOL,True,Sun 6:00AM,06c2e,106.5,6.26,61%,+11%,1.0
051k0,John McGinn,,,AVL,Aston Villa,AVL,110011,M,M,702,702,702,,,113,J. McGinn,john-mcginn,https://fantraximg.com/assets/images/logos/sportsteam/epl/Aston_Villa.png,2,113,zach0,1 - Start Dowman (zach082826),5kp58voomc719rep,EVE<br/>Sun 8:30AM,EVE,False,Sun 8:30AM,06c27,143.75,6.85,66%,+1%,1.0
02m3v,John Ruddy,,,NEW,Newcastle United,NEW,110101,G,G,704,704,704,4,,777,J. Ruddy,john-ruddy,https://fantraximg.com/assets/images/logos/sportsteam/epl/Newcastle_United.png,,777,FA,Free Agent,,@WOL<br/>Sun 6:00AM,WOL,True,Sun 6:00AM,06c2e,0,0,0%,0%,
02yl5,John Stones,,,MCI,Manchester City,MCI,110080,D,D,703,703,703,5,,382,J. Stones,john-stones,https://fantraximg.com/assets/images/logos/sportsteam/epl/Manchester_City.png,,382,W <small>(Thu)</small>,"Waiver Wire - Off Thu Jan 22, 9:00 AM PST",,MCI 0<br/>@MUN 2 F,MCI 0,False,@MUN 2 F,06c2a,22,3.14,5%,0%,
070gt,John Victor Maciel Furtado,,,NOT,Nottingham Forest,NOT,110105,G,G,704,704,704,5,,415,J. Maciel Furtado,john-victor-maciel-furtado,https://fantraximg.com/assets/images/logos/sportsteam/epl/Nottingham_Forest.png,,415,W <small>(Thu)</small>,"Waiver Wire - Off Thu Jan 22, 9:00 AM PST",,ARS 0<br/>@NOT 0 F,ARS 0,False,@NOT 0 F,06c2b,10,2,1%,0%,
070hr,Jonah Kusi-Asare,,,FUL,Fulham,FUL,110063,F,F,701,701,701,5,,471,J. Kusi-Asare,jonah-kusi-asare,https://fantraximg.com/assets/images/logos/sportsteam/epl/Fulham.png,,471,W <small>(Thu)</small>,"Waiver Wire - Off Thu Jan 22, 9:00 AM PST",,FUL 0<br/>@LEE 1 F,FUL 0,False,@LEE 1 F,06c79,0.5,0.1,0%,0%,
06clx,Jordan Beyer,,,BUR,Burnley,BUR,110223,D,D,703,703,703,5,,519,J. Beyer,jordan-beyer,https://fantraximg.com/assets/images/logos/sportsteam/epl/Burnley_3.png,,519,W <small>(Thu)</small>,"Waiver Wire - Off Thu Jan 22, 9:00 AM PST",,BUR 1<br/>@LIV 1 F,BUR 1,False,@LIV 1 F,06c7a,0,0,0%,0%,
02lk5,Jordan Henderson,,,BRF,Brentford,BRF,110237,M,M,702,702,702,5,,188,J. Henderson,jordan-henderson,https://fantraximg.com/assets/images/logos/sportsteam/epl/Brentford.png,,188,W <small>(Thu)</small>,"Waiver Wire - Off Thu Jan 22, 9:00 AM PST",,BRF 0<br/>@CHE 2 F,BRF 0,False,@CHE 2 F,06c29,101,5.05,9%,-2%,-1.0
032f9,Jordan Pickford,,,EVE,Everton,EVE,110050,G,G,704,704,704,,,80,J. Pickford,jordan-pickford,https://fantraximg.com/assets/images/logos/sportsteam/epl/Everton.png,2,80,kinge,1 - Boomsakalaka (kingeric7.),4w3svguhmc719rep,@AVL<br/>Sun 8:30AM,AVL,True,Sun 8:30AM,06c27,167.75,7.99,97%,-1%,-1.0
056at,Jordan Zemura,,,BOU,Bournemouth,BOU,110034,D,D,703,703,703,4,,851,J. Zemura,jordan-zemura,https://fantraximg.com/assets/images/logos/sportsteam/epl/Bournemouth.png,,851,FA,Free Agent,,@BHA<br/>Mon 12:00PM,BHA,True,Mon 12:00PM,06c28,0,0,0%,0%,
06nyw,Jorge Cuenca,,,FUL,Fulham,FUL,110063,D,D,703,703,703,5,,298,J. Cuenca,jorge-cuenca,https://fantraximg.com/assets/images/logos/sportsteam/epl/Fulham.png,,298,W <small>(Thu)</small>,"Waiver Wire - Off Thu Jan 22, 9:00 AM PST",,FUL 0<br/>@LEE 1 F,FUL 0,False,@LEE 1 F,06c79,54.25,6.03,2%,0%,
06mow,Jorgen Strand Larsen,,,WOL,Wolverhampton,WOL,110191,F,F,701,701,701,4,,265,J. Strand Larsen,jorgen-strand-larsen,https://fantraximg.com/assets/images/logos/sportsteam/epl/Wolverhampton_Wanderers.png,,265,FA,Free Agent,,NEW<br/>Sun 6:00AM,NEW,False,Sun 6:00AM,06c2e,66.75,3.51,46%,+2%,1.0
06zqq,Jorrel Hato,,,CHE,Chelsea,CHE,110040,D,D,703,703,703,5,,396,J. Hato,jorrel-hato,https://fantraximg.com/assets/images/logos/sportsteam/epl/Chelsea.png,,396,W <small>(Thu)</small>,"Waiver Wire - Off Thu Jan 22, 9:00 AM PST",,BRF 0<br/>@CHE 2 F,BRF 0,False,@CHE 2 F,06c29,17.25,2.46,4%,+1%,1.0
05udg,Jose Sa,,,WOL,Wolverhampton,WOL,110191,G,G,704,704,704,4,,313,Jose Sa,jose-pedro-malheiro-de-sa,https://fantraximg.com/assets/images/logos/sportsteam/epl/Wolverhampton_Wanderers.png,2,313,FA,Free Agent,,NEW<br/>Sun 6:00AM,NEW,False,Sun 6:00AM,06c2e,47.25,5.25,12%,0%,
05uh0,Joseph Anderson,,,SUN,Sunderland,SUN,110141,D,D,703,703,703,5,,492,J. Anderson,joseph-anderson,https://fantraximg.com/assets/images/logos/sportsteam/epl/Sunderland.png,,492,W <small>(Thu)</small>,"Waiver Wire - Off Thu Jan 22, 9:00 AM PST",,CRY 1<br/>@SUN 2 F,CRY 1,False,@SUN 2 F,06c2c,0,0,0%,0%,
03r93,Joseph Gomez,,,LIV,Liverpool,LIV,110070,D,D,703,703,703,5,,322,J. Gomez,joseph-gomez,https://fantraximg.com/assets/images/logos/sportsteam/epl/Liverpool.png,,322,W <small>(Thu)</small>,"Waiver Wire - Off Thu Jan 22, 9:00 AM PST",,BUR 1<br/>@LIV 1 F,BUR 1,False,@LIV 1 F,06c7a,42.25,4.22,3%,+1%,1.0
062pa,Joseph Whitworth,,,CRY,Crystal Palace,CRY,110045,G,G,704,704,704,5,,836,J. Whitworth,joseph-whitworth,https://fantraximg.com/assets/images/logos/sportsteam/epl/Crystal_Palace.png,,836,W <small>(Thu)</small>,"Waiver Wire - Off Thu Jan 22, 9:00 AM PST",,CRY 1<br/>@SUN 2 F,CRY 1,False,@SUN 2 F,06c2c,0,0,0%,0%,
06kwp,Josh Acheampong,,,CHE,Chelsea,CHE,110040,D,D,703,703,703,5,,283,J. Acheampong,josh-acheampong,https://fantraximg.com/assets/images/logos/sportsteam/epl/Chelsea.png,,283,W <small>(Thu)</small>,"Waiver Wire - Off Thu Jan 22, 9:00 AM PST",,BRF 0<br/>@CHE 2 F,BRF 0,False,@CHE 2 F,06c29,59.25,6.58,6%,-1%,-1.0
06cm7,Josh Bowler,,,NOT,Nottingham Forest,NOT,110105,M,M,702,702,702,5,,527,J. Bowler,josh-bowler,https://fantraximg.com/assets/images/logos/sportsteam/epl/Nottingham_Forest.png,,527,W <small>(Thu)</small>,"Waiver Wire - Off Thu Jan 22, 9:00 AM PST",,ARS 0<br/>@NOT 0 F,ARS 0,False,@NOT 0 F,06c2b,0,0,0%,0%,
05gcx,Josh Brownhill,,,BUR,Burnley,BUR,110223,M,M,702,702,702,5,,534,J. Brownhill,josh-brownhill,https://fantraximg.com/assets/images/logos/sportsteam/epl/Burnley_3.png,,534,W <small>(Thu)</small>,"Waiver Wire - Off Thu Jan 22, 9:00 AM PST",,BUR 1<br/>@LIV 1 F,BUR 1,False,@LIV 1 F,06c7a,0,0,3%,0%,
03hff,Josh Cullen,,,BUR,Burnley,BUR,110223,M,M,702,702,702,5,,135,J. Cullen,josh-cullen,https://fantraximg.com/assets/images/logos/sportsteam/epl/Burnley_3.png,,135,W <small>(Thu)</small>,"Waiver Wire - Off Thu Jan 22, 9:00 AM PST",,BUR 1<br/>@LIV 1 F,BUR 1,False,@LIV 1 F,06c7a,128.25,7.12,26%,-5%,-1.0
048xg,Josh Dasilva,,,BRF,Brentford,BRF,110237,M,M,702,702,702,5,,567,J. Dasilva,josh-dasilva,https://fantraximg.com/assets/images/logos/sportsteam/epl/Brentford.png,,567,W <small>(Thu)</small>,"Waiver Wire - Off Thu Jan 22, 9:00 AM PST",,BRF 0<br/>@CHE 2 F,BRF 0,False,@CHE 2 F,06c29,0,0,0%,0%,
06zrr,Josh Davidson,,,LIV,Liverpool,LIV,110070,D,D,703,703,703,5,,568,J. Davidson,josh-davidson,https://fantraximg.com/assets/images/logos/sportsteam/epl/Liverpool.png,,568,W <small>(Thu)</small>,"Waiver Wire - Off Thu Jan 22, 9:00 AM PST",,BUR 1<br/>@LIV 1 F,BUR 1,False,@LIV 1 F,06c7a,0,0,0%,0%,
03dyx,Josh Laurent,,,BUR,Burnley,BUR,110223,M,M,702,702,702,5,,236,J. Laurent,josh-laurent,https://fantraximg.com/assets/images/logos/sportsteam/epl/Burnley_3.png,,236,W <small>(Thu)</small>,"Waiver Wire - Off Thu Jan 22, 9:00 AM PST",,BUR 1<br/>@LIV 1 F,BUR 1,False,@LIV 1 F,06c7a,79.5,4.18,1%,0%,
06nk3,Josh Nichols,,,ARS,Arsenal,ARS,110000,D,D,703,703,703,5,,720,J. Nichols,josh-nichols,https://fantraximg.com/assets/images/logos/sportsteam/epl/Arsenal.png,,720,W <small>(Thu)</small>,"Waiver Wire - Off Thu Jan 22, 9:00 AM PST",,ARS 0<br/>@NOT 0 F,ARS 0,False,@NOT 0 F,06c2b,0,0,0%,0%,
06jh3,Joshua King,,,FUL,Fulham,FUL,110063,M,M,702,702,702,5,,304,J. King,joshua-king,https://fantraximg.com/assets/images/logos/sportsteam/epl/Fulham.png,,304,W <small>(Thu)</small>,"Waiver Wire - Off Thu Jan 22, 9:00 AM PST",,FUL 0<br/>@LEE 1 F,FUL 0,False,@LEE 1 F,06c79,51.75,2.72,3%,0%,
06zqi,Joshua Stephenson,,,BRF,Brentford,BRF,110237,D,D,703,703,703,5,,804,J. Stephenson,joshua-stephenson,https://fantraximg.com/assets/images/logos/sportsteam/epl/Brentford.png,,804,W <small>(Thu)</small>,"Waiver Wire - Off Thu Jan 22, 9:00 AM PST",,BRF 0<br/>@CHE 2 F,BRF 0,False,@CHE 2 F,06c29,0,0,0%,0%,
05wwd,Joshua Wilson-Esbrand,,,MCI,Manchester City,MCI,110080,D,D,703,703,703,5,,843,J. Wilson-Esbrand,joshua-wilson-esbrand,https://fantraximg.com/assets/images/logos/sportsteam/epl/Manchester_City.png,,843,W <small>(Thu)</small>,"Waiver Wire - Off Thu Jan 22, 9:00 AM PST",,MCI 0<br/>@MUN 2 F,MCI 0,False,@MUN 2 F,06c2a,0,0,0%,0%,
06mve,Joshua Zirkzee,,,MUN,Manchester United,MUN,110090,F,F,701,701,701,5,,262,J. Zirkzee,joshua-zirkzee,https://fantraximg.com/assets/images/logos/sportsteam/epl/Manchester_United.png,,262,W <small>(Thu)</small>,"Waiver Wire - Off Thu Jan 22, 9:00 AM PST",,MCI 0<br/>@MUN 2 F,MCI 0,False,@MUN 2 F,06c2a,67.5,4.82,10%,-6%,-1.0
06ex4,Josko Gvardiol,,,MCI,Manchester City,MCI,110080,D,D,703,703,703,5,,92,J. Gvardiol,josko-gvardiol,https://fantraximg.com/assets/images/logos/sportsteam/epl/Manchester_City.png,,92,W <small>(Thu)</small>,"Waiver Wire - Off Thu Jan 22, 9:00 AM PST",,MCI 0<br/>@MUN 2 F,MCI 0,False,@MUN 2 F,06c2a,154.5,9.66,55%,-10%,-1.0
06nvg,Jota Silva,,,NOT,Nottingham Forest,NOT,110105,F,F,701,701,701,5,,461,Jota Silva,joao-pedro-ferreira-da-silva,https://fantraximg.com/assets/images/logos/sportsteam/epl/Nottingham_Forest.png,,461,W <small>(Thu)</small>,"Waiver Wire - Off Thu Jan 22, 9:00 AM PST",,ARS 0<br/>@NOT 0 F,ARS 0,False,@NOT 0 F,06c2b,1.25,1.25,2%,0%,
06873,João Félix,,,CHE,Chelsea,CHE,110040,F,F,701,701,701,5,,590,João Félix,joao-felix-sequeira,https://fantraximg.com/assets/images/logos/sportsteam/epl/Chelsea.png,,590,W <small>(Thu)</small>,"Waiver Wire - Off Thu Jan 22, 9:00 AM PST",,BRF 0<br/>@CHE 2 F,BRF 0,False,@CHE 2 F,06c29,0,0,0%,0%,
062dt,João Palhinha,,,TOT,Tottenham Hotspur,TOT,110160,M,M,702,702,702,5,,119,João Palhinha,joao-maria-lobo-alves-palhinha-goncalves,https://fantraximg.com/assets/images/logos/sportsteam/epl/Tottenham_Hotspur.png,,119,W <small>(Thu)</small>,"Waiver Wire - Off Thu Jan 22, 9:00 AM PST",,WHU 2<br/>@TOT 1 F,WHU 2,False,@TOT 1 F,06c2d,139,6.95,50%,+1%,1.0
06p4l,Julian Araujo,,,BOU,Bournemouth,BOU,110034,D,D,703,703,703,4,,495,J. Araujo,julian-araujo,https://fantraximg.com/assets/images/logos/sportsteam/epl/Bournemouth.png,,495,FA,Free Agent,,@BHA<br/>Mon 12:00PM,BHA,True,Mon 12:00PM,06c28,0,0,0%,0%,
06on4,Julian Eyestone,,,BRF,Brentford,BRF,110237,G,G,704,704,704,5,,586,J. Eyestone,julian-eyestone,https://fantraximg.com/assets/images/logos/sportsteam/epl/Brentford.png,,586,W <small>(Thu)</small>,"Waiver Wire - Off Thu Jan 22, 9:00 AM PST",,BRF 0<br/>@CHE 2 F,BRF 0,False,@CHE 2 F,06c29,0,0,0%,0%,
061xs,Julio Enciso,,,BHA,Brighton,BHA,110240,M,M,702,702,702,4,,585,J. Enciso,julio-enciso,https://fantraximg.com/assets/images/logos/sportsteam/epl/Brighton_and_Hove_Albion.png,,585,FA,Free Agent,,BOU<br/>Mon 12:00PM,BOU,False,Mon 12:00PM,06c28,0,0,1%,0%,
06r7f,Julio Soler,,,BOU,Bournemouth,BOU,110034,D,D,703,703,703,4,,799,J. Soler,julio-soler,https://fantraximg.com/assets/images/logos/sportsteam/epl/Bournemouth.png,,799,FA,Free Agent,,@BHA<br/>Mon 12:00PM,BHA,True,Mon 12:00PM,06c28,0,0,0%,0%,
06zc3,Jun'ai Byfield,,,TOT,Tottenham Hotspur,TOT,110160,D,D,703,703,703,5,,536,J. Byfield,junai-byfield,https://fantraximg.com/assets/images/logos/sportsteam/epl/Tottenham_Hotspur.png,,536,W <small>(Thu)</small>,"Waiver Wire - Off Thu Jan 22, 9:00 AM PST",,WHU 2<br/>@TOT 1 F,WHU 2,False,@TOT 1 F,06c2d,0,0,0%,0%,
06nyy,Junior Robinson,,,WHU,West Ham United,WHU,110175,D,D,703,703,703,5,,769,J. Robinson,junior-robinson,https://fantraximg.com/assets/images/logos/sportsteam/epl/West_Ham_United.png,,769,W <small>(Thu)</small>,"Waiver Wire - Off Thu Jan 22, 9:00 AM PST",,WHU 2<br/>@TOT 1 F,WHU 2,False,@TOT 1 F,06c2d,0,0,0%,0%,
06dmj,Jurrien Timber,,,ARS,Arsenal,ARS,110000,D,D,703,703,703,,,10,J. Timber,jurrien-timber,https://fantraximg.com/assets/images/logos/sportsteam/epl/Arsenal.png,,10,zach0,1 - Start Dowman (zach082826),5kp58voomc719rep,ARS 0<br/>@NOT 0 F,ARS 0,False,@NOT 0 F,06c2b,240.5,11.45,98%,0%,
06zbv,Justin Clarke,,,EVE,Everton,EVE,110050,M,M,702,702,702,4,,556,J. Clarke,justin-clarke,https://fantraximg.com/assets/images/logos/sportsteam/epl/Everton.png,,556,FA,Free Agent,,@AVL<br/>Sun 8:30AM,AVL,True,Sun 8:30AM,06c27,0,0,0%,0%,
06kx1,Justin Devenny,,,CRY,Crystal Palace,CRY,110045,M,M,702,702,702,5,,324,J. Devenny,justin-devenny,https://fantraximg.com/assets/images/logos/sportsteam/epl/Crystal_Palace.png,,324,W <small>(Thu)</small>,"Waiver Wire - Off Thu Jan 22, 9:00 AM PST",,CRY 1<br/>@SUN 2 F,CRY 1,False,@SUN 2 F,06c2c,42,2.33,2%,0%,
06clt,Justin Kluivert,,,BOU,Bournemouth,BOU,110034,M,M,701,702,702,4,,210,J. Kluivert,justin-kluivert,https://fantraximg.com/assets/images/logos/sportsteam/epl/Bournemouth.png,,210,FA,Free Agent,,@BHA<br/>Mon 12:00PM,BHA,True,Mon 12:00PM,06c28,88,4.89,41%,-10%,-1.0
06pry,Kaden Braithwaite,,,MCI,Manchester City,MCI,110080,D,D,703,703,703,5,,528,K. Braithwaite,kaden-braithwaite,https://fantraximg.com/assets/images/logos/sportsteam/epl/Manchester_City.png,,528,W <small>(Thu)</small>,"Waiver Wire - Off Thu Jan 22, 9:00 AM PST",,MCI 0<br/>@MUN 2 F,MCI 0,False,@MUN 2 F,06c2a,0,0,0%,0%,
062oi,Kaden Rodney,,,CRY,Crystal Palace,CRY,110045,M,M,702,702,702,5,,770,K. Rodney,kaden-rodney,https://fantraximg.com/assets/images/logos/sportsteam/epl/Crystal_Palace.png,,770,W <small>(Thu)</small>,"Waiver Wire - Off Thu Jan 22, 9:00 AM PST",,CRY 1<br/>@SUN 2 F,CRY 1,False,@SUN 2 F,06c2c,0,0,0%,0%,
066iy,Kaelan Casey,,,WHU,West Ham United,WHU,110175,D,D,703,703,703,5,,546,K. Casey,kaelan-casey,https://fantraximg.com/assets/images/logos/sportsteam/epl/West_Ham_United.png,,546,W <small>(Thu)</small>,"Waiver Wire - Off Thu Jan 22, 9:00 AM PST",,WHU 2<br/>@TOT 1 F,WHU 2,False,@TOT 1 F,06c2d,0,0,0%,0%,
05o6h,Kai Havertz,,,ARS,Arsenal,ARS,110000,F,F,701,701,701,,,457,K. Havertz,kai-havertz,https://fantraximg.com/assets/images/logos/sportsteam/epl/Arsenal.png,,457,ideso,1 - Cucu Diddler Rella (idesofmarz),e1zcwbwfmc719rep,ARS 0<br/>@NOT 0 F,ARS 0,False,@NOT 0 F,06c2b,1.75,1.75,73%,+3%,1.0
05uhl,Kaide Gordon,,,LIV,Liverpool,LIV,110070,F,F,701,701,701,5,,608,K. Gordon,kaide-gordon,https://fantraximg.com/assets/images/logos/sportsteam/epl/Liverpool.png,,608,W <small>(Thu)</small>,"Waiver Wire - Off Thu Jan 22, 9:00 AM PST",,BUR 1<br/>@LIV 1 F,BUR 1,False,@LIV 1 F,06c7a,0,0,0%,0%,
05n03,Kalvin Phillips,,,MCI,Manchester City,MCI,110080,M,M,702,702,702,5,,748,K. Phillips,kalvin-phillips,https://fantraximg.com/assets/images/logos/sportsteam/epl/Manchester_City.png,,748,W <small>(Thu)</small>,"Waiver Wire - Off Thu Jan 22, 9:00 AM PST",,MCI 0<br/>@MUN 2 F,MCI 0,False,@MUN 2 F,06c2a,0,0,0%,0%,
062ci,Kaoru Mitoma,,,BHA,Brighton,BHA,110240,M,M,702,702,702,,,212,K. Mitoma,kaoru-mitoma,https://fantraximg.com/assets/images/logos/sportsteam/epl/Brighton_and_Hove_Albion.png,2,212,aokel,1 - Danny Carve a Hole (aokelly94),3soymulymc719reo,BOU<br/>Mon 12:00PM,BOU,False,Mon 12:00PM,06c28,87.25,7.93,95%,+2%,1.0
03pif,Karl Darlow,,,LEE,Leeds United,LEE,110261,G,G,704,704,704,5,,330,K. Darlow,karl-darlow,https://fantraximg.com/assets/images/logos/sportsteam/epl/Leeds_United2.png,,330,W <small>(Thu)</small>,"Waiver Wire - Off Thu Jan 22, 9:00 AM PST",,FUL 0<br/>@LEE 1 F,FUL 0,False,@LEE 1 F,06c79,39,6.5,2%,+1%,1.0
05oz4,Karl Hein,,,ARS,Arsenal,ARS,110000,G,G,704,704,704,5,,630,K. Hein,karl-hein,https://fantraximg.com/assets/images/logos/sportsteam/epl/Arsenal.png,,630,W <small>(Thu)</small>,"Waiver Wire - Off Thu Jan 22, 9:00 AM PST",,ARS 0<br/>@NOT 0 F,ARS 0,False,@NOT 0 F,06c2b,0,0,1%,0%,
072mp,Kaye Furo,,,BRF,Brentford,BRF,110237,F,F,701,701,701,5,,597,K. Furo,kaye-furo,https://fantraximg.com/assets/images/logos/sportsteam/epl/Brentford.png,,597,W <small>(Thu)</small>,"Waiver Wire - Off Thu Jan 22, 9:00 AM PST",,BRF 0<br/>@CHE 2 F,BRF 0,False,@CHE 2 F,06c29,0,0,1%,+1%,1.0
062p3,Keane Lewis-Potter,,,BRF,Brentford,BRF,110237,M,M,701,702,702,5,,232,K. Lewis-Potter,keane-lewis-potter,https://fantraximg.com/assets/images/logos/sportsteam/epl/Brentford.png,,232,W <small>(Thu)</small>,"Waiver Wire - Off Thu Jan 22, 9:00 AM PST",,BRF 0<br/>@CHE 2 F,BRF 0,False,@CHE 2 F,06c29,80.5,4.03,13%,-9%,-1.0
06617,Keehan Willows,,,NOT,Nottingham Forest,NOT,110105,G,G,704,704,704,5,,842,K. Willows,keehan-willows,https://fantraximg.com/assets/images/logos/sportsteam/epl/Nottingham_Forest.png,,842,W <small>(Thu)</small>,"Waiver Wire - Off Thu Jan 22, 9:00 AM PST",,ARS 0<br/>@NOT 0 F,ARS 0,False,@NOT 0 F,06c2b,0,0,0%,0%,
05oeh,Kenny Tete,,,FUL,Fulham,FUL,110063,D,D,703,703,703,5,,120,K. Tete,kenny-tete,https://fantraximg.com/assets/images/logos/sportsteam/epl/Fulham.png,,120,W <small>(Thu)</small>,"Waiver Wire - Off Thu Jan 22, 9:00 AM PST",,FUL 0<br/>@LEE 1 F,FUL 0,False,@LEE 1 F,06c79,138,8.62,45%,-3%,-1.0
04u40,Kepa,,,ARS,Arsenal,ARS,110000,G,G,704,704,704,5,,497,Kepa,kepa-arrizabalaga,https://fantraximg.com/assets/images/logos/sportsteam/epl/Arsenal.png,,497,W <small>(Thu)</small>,"Waiver Wire - Off Thu Jan 22, 9:00 AM PST",,ARS 0<br/>@NOT 0 F,ARS 0,False,@NOT 0 F,06c2b,0,0,3%,0%,
057cr,Kevin Danso,,,TOT,Tottenham Hotspur,TOT,110160,D,D,703,703,703,5,,279,K. Danso,kevin-danso,https://fantraximg.com/assets/images/logos/sportsteam/epl/Tottenham_Hotspur.png,,279,W <small>(Thu)</small>,"Waiver Wire - Off Thu Jan 22, 9:00 AM PST",,WHU 2<br/>@TOT 1 F,WHU 2,False,@TOT 1 F,06c2d,61.75,5.15,1%,0%,
070hj,Kevin Santos Lopes de Macedo,,,FUL,Fulham,FUL,110063,F,F,701,701,701,5,,187,K. Santos Lopes de Macedo,kevin-santos-lopes-de-macedo,https://fantraximg.com/assets/images/logos/sportsteam/epl/Fulham.png,,187,W <small>(Thu)</small>,"Waiver Wire - Off Thu Jan 22, 9:00 AM PST",,FUL 0<br/>@LEE 1 F,FUL 0,False,@LEE 1 F,06c79,102.25,5.68,22%,-3%,-1.0
067zv,Kevin Schade,,,BRF,Brentford,BRF,110237,F,F,702,701,701,,,27,K. Schade,kevin-schade,https://fantraximg.com/assets/images/logos/sportsteam/epl/Brentford.png,,27,scout,1 - scout skegghorst (trouttreghorst),0cyx6ukymc719rep,BRF 0<br/>@CHE 2 F,BRF 0,False,@CHE 2 F,06c29,211.5,10.07,99%,+1%,1.0
072cf,Keyrol Figueroa,,,LIV,Liverpool,LIV,110070,F,F,701,701,701,5,,592,K. Figueroa,keyrol-figueroa,https://fantraximg.com/assets/images/logos/sportsteam/epl/Liverpool.png,,592,W <small>(Thu)</small>,"Waiver Wire - Off Thu Jan 22, 9:00 AM PST",,BUR 1<br/>@LIV 1 F,BUR 1,False,@LIV 1 F,06c7a,0,0,0%,0%,
04yjx,Ki-Jana Hoever,,,WOL,Wolverhampton,WOL,110191,D,D,703,703,703,4,,329,K. Hoever,ki-jana-hoever,https://fantraximg.com/assets/images/logos/sportsteam/epl/Wolverhampton_Wanderers.png,,329,FA,Free Agent,,NEW<br/>Sun 6:00AM,NEW,False,Sun 6:00AM,06c2e,39.5,4.94,1%,0%,
06rkq,Kieran Morrison,,,LIV,Liverpool,LIV,110070,M,M,702,702,702,5,,708,K. Morrison,kieran-morrison,https://fantraximg.com/assets/images/logos/sportsteam/epl/Liverpool.png,,708,W <small>(Thu)</small>,"Waiver Wire - Off Thu Jan 22, 9:00 AM PST",,BUR 1<br/>@LIV 1 F,BUR 1,False,@LIV 1 F,06c7a,0,0,0%,0%,
03dx3,Kieran Trippier,,,NEW,Newcastle United,NEW,110101,D,D,703,703,703,,,249,K. Trippier,kieran-trippier,https://fantraximg.com/assets/images/logos/sportsteam/epl/Newcastle_United.png,2,249,DFFC,1 - Darth Fernandes FC (jacobnorman14),ew8egddsmc719rep,@WOL<br/>Sun 6:00AM,WOL,True,Sun 6:00AM,06c2e,71.25,7.92,53%,+12%,1.0
05gcc,Kiernan Dewsbury-Hall,,,EVE,Everton,EVE,110050,M,M,702,702,702,4,,118,K. Dewsbury-Hall,kiernan-dewsbury-hall,https://fantraximg.com/assets/images/logos/sportsteam/epl/Everton.png,,118,FA,Free Agent,,@AVL<br/>Sun 8:30AM,AVL,True,Sun 8:30AM,06c27,139,9.27,77%,0%,
0666p,Kobbie Mainoo,,,MUN,Manchester United,MUN,110090,M,M,702,702,702,5,,351,K. Mainoo,kobbie-mainoo,https://fantraximg.com/assets/images/logos/sportsteam/epl/Manchester_United.png,,351,W <small>(Thu)</small>,"Waiver Wire - Off Thu Jan 22, 9:00 AM PST",,MCI 0<br/>@MUN 2 F,MCI 0,False,@MUN 2 F,06c2a,33.25,2.56,16%,+6%,1.0
04ml6,Konstantinos Mavropanos,,,WHU,West Ham United,WHU,110175,D,D,703,703,703,5,,225,K. Mavropanos,konstantinos-mavropanos,https://fantraximg.com/assets/images/logos/sportsteam/epl/West_Ham_United.png,,225,W <small>(Thu)</small>,"Waiver Wire - Off Thu Jan 22, 9:00 AM PST",,WHU 2<br/>@TOT 1 F,WHU 2,False,@TOT 1 F,06c2d,83,5.53,2%,0%,
05n3v,Konstantinos Tsimikas,,,LIV,Liverpool,LIV,110070,D,D,703,703,703,5,,818,K. Tsimikas,konstantinos-tsimikas,https://fantraximg.com/assets/images/logos/sportsteam/epl/Liverpool.png,,818,W <small>(Thu)</small>,"Waiver Wire - Off Thu Jan 22, 9:00 AM PST",,BUR 1<br/>@LIV 1 F,BUR 1,False,@LIV 1 F,06c7a,0,0,1%,0%,
06zby,Kornel Misciur,,,LIV,Liverpool,LIV,110070,G,G,704,704,704,5,,703,K. Misciur,kornel-misciur,https://fantraximg.com/assets/images/logos/sportsteam/epl/Liverpool.png,,703,W <small>(Thu)</small>,"Waiver Wire - Off Thu Jan 22, 9:00 AM PST",,BUR 1<br/>@LIV 1 F,BUR 1,False,@LIV 1 F,06c7a,0,0,0%,0%,
06ya6,Kota Takai,,,TOT,Tottenham Hotspur,TOT,110160,D,D,703,703,703,5,,808,K. Takai,kota-takai,https://fantraximg.com/assets/images/logos/sportsteam/epl/Tottenham_Hotspur.png,,808,W <small>(Thu)</small>,"Waiver Wire - Off Thu Jan 22, 9:00 AM PST",,WHU 2<br/>@TOT 1 F,WHU 2,False,@TOT 1 F,06c2d,0,0,0%,0%,
05uel,Kristoffer Ajer,,,BRF,Brentford,BRF,110237,D,D,703,703,703,5,,157,K. Ajer,kristoffer-ajer,https://fantraximg.com/assets/images/logos/sportsteam/epl/Brentford.png,,157,W <small>(Thu)</small>,"Waiver Wire - Off Thu Jan 22, 9:00 AM PST",,BRF 0<br/>@CHE 2 F,BRF 0,False,@CHE 2 F,06c29,118.25,7.39,10%,0%,
0645w,Krisztian Hegyi,,,WHU,West Ham United,WHU,110175,G,G,704,704,704,5,,629,K. Hegyi,krisztian-hegyi,https://fantraximg.com/assets/images/logos/sportsteam/epl/West_Ham_United.png,,629,W <small>(Thu)</small>,"Waiver Wire - Off Thu Jan 22, 9:00 AM PST",,WHU 2<br/>@TOT 1 F,WHU 2,False,@TOT 1 F,06c2d,0,0,0%,0%,
02lp9,Kyle Walker,,,BUR,Burnley,BUR,110223,D,D,703,703,703,5,,202,K. Walker,kyle-walker,https://fantraximg.com/assets/images/logos/sportsteam/epl/Burnley_3.png,,202,W <small>(Thu)</small>,"Waiver Wire - Off Thu Jan 22, 9:00 AM PST",,BUR 1<br/>@LIV 1 F,BUR 1,False,@LIV 1 F,06c7a,89.75,4.27,12%,-1%,-1.0
03zsq,Kyle Walker-Peters,,,WHU,West Ham United,WHU,110175,D,D,703,703,703,5,,285,K. Walker-Peters,kyle-walker-peters,https://fantraximg.com/assets/images/logos/sportsteam/epl/West_Ham_United.png,,285,W <small>(Thu)</small>,"Waiver Wire - Off Thu Jan 22, 9:00 AM PST",,WHU 2<br/>@TOT 1 F,WHU 2,False,@TOT 1 F,06c2d,58.5,3.66,4%,-1%,-1.0
070f4,Ladislav Krejcí,,,WOL,Wolverhampton,WOL,110191,D,D,703,703,703,4,,164,L. Krejcí,ladislav-krejci,https://fantraximg.com/assets/images/logos/sportsteam/epl/Wolverhampton_Wanderers.png,2,164,FA,Free Agent,,NEW<br/>Sun 6:00AM,NEW,False,Sun 6:00AM,06c2e,115,7.19,7%,-1%,-1.0
05r4h,Lamare Bogarde,,,AVL,Aston Villa,AVL,110011,D,D,702,703,703,4,,406,L. Bogarde,lamare-bogarde,https://fantraximg.com/assets/images/logos/sportsteam/epl/Aston_Villa.png,2,406,FA,Free Agent,,EVE<br/>Sun 8:30AM,EVE,False,Sun 8:30AM,06c27,12.75,0.8,1%,0%,
06shp,Landon Emenalo,,,CHE,Chelsea,CHE,110040,M,M,702,702,702,5,,584,L. Emenalo,landon-emenalo,https://fantraximg.com/assets/images/logos/sportsteam/epl/Chelsea.png,,584,W <small>(Thu)</small>,"Waiver Wire - Off Thu Jan 22, 9:00 AM PST",,BRF 0<br/>@CHE 2 F,BRF 0,False,@CHE 2 F,06c29,0,0,0%,0%,
06zcb,Lanre Awesu,,,WHU,West Ham United,WHU,110175,G,G,704,704,704,5,,502,L. Awesu,lanre-awesu,https://fantraximg.com/assets/images/logos/sportsteam/epl/West_Ham_United.png,,502,W <small>(Thu)</small>,"Waiver Wire - Off Thu Jan 22, 9:00 AM PST",,WHU 2<br/>@TOT 1 F,WHU 2,False,@TOT 1 F,06c2d,0,0,0%,0%,
05afj,Largie Ramazani,,,LEE,Leeds United,LEE,110261,F,F,701,701,701,5,,759,L. Ramazani,largie-ramazani,https://fantraximg.com/assets/images/logos/sportsteam/epl/Leeds_United2.png,,759,W <small>(Thu)</small>,"Waiver Wire - Off Thu Jan 22, 9:00 AM PST",,FUL 0<br/>@LEE 1 F,FUL 0,False,@LEE 1 F,06c79,0,0,0%,0%,
04u6i,Leander Dendoncker,,,AVL,Aston Villa,AVL,110011,M,M,702,702,702,4,,570,L. Dendoncker,leander-dendoncker,https://fantraximg.com/assets/images/logos/sportsteam/epl/Aston_Villa.png,,570,FA,Free Agent,,EVE<br/>Sun 8:30AM,EVE,False,Sun 8:30AM,06c27,0,0,0%,0%,
0520r,Leandro Trossard,,,ARS,Arsenal,ARS,110000,M,M,701,702,702,,,86,L. Trossard,leandro-trossard,https://fantraximg.com/assets/images/logos/sportsteam/epl/Arsenal.png,,86,hogan_m,"1 - Yoro wizard, Harry! (hogan_m)",3uxxpgpemc719rep,ARS 0<br/>@NOT 0 F,ARS 0,False,@NOT 0 F,06c2b,162.5,9.03,92%,-1%,-1.0
06mx0,Leny Yoro,,,MUN,Manchester United,MUN,110090,D,D,703,703,703,5,,230,L. Yoro,leny-yoro,https://fantraximg.com/assets/images/logos/sportsteam/epl/Manchester_United.png,,230,W <small>(Thu)</small>,"Waiver Wire - Off Thu Jan 22, 9:00 AM PST",,MCI 0<br/>@MUN 2 F,MCI 0,False,@MUN 2 F,06c2a,81.25,3.87,16%,-1%,-1.0
05x12,Leo Fuhr Hjelde,,,SUN,Sunderland,SUN,110141,D,D,703,703,703,5,,637,L. Hjelde,leo-fuhr-hjelde,https://fantraximg.com/assets/images/logos/sportsteam/epl/Sunderland.png,,637,W <small>(Thu)</small>,"Waiver Wire - Off Thu Jan 22, 9:00 AM PST",,CRY 1<br/>@SUN 2 F,CRY 1,False,@SUN 2 F,06c2c,0,0,0%,0%,
06on5,Leo Shahar,,,NEW,Newcastle United,NEW,110101,D,D,703,703,703,4,,789,L. Shahar,leo-shahar,https://fantraximg.com/assets/images/logos/sportsteam/epl/Newcastle_United.png,,789,FA,Free Agent,,@WOL<br/>Sun 6:00AM,WOL,True,Sun 6:00AM,06c2e,0,0,0%,0%,
05uns,Leon Bailey,,,AVL,Aston Villa,AVL,110011,M,M,702,702,702,4,,505,L. Bailey,leon-bailey,https://fantraximg.com/assets/images/logos/sportsteam/epl/Aston_Villa.png,,505,FA,Free Agent,,EVE<br/>Sun 8:30AM,EVE,False,Sun 8:30AM,06c27,0,0,1%,0%,
072i1,Leon Routh,,,AVL,Aston Villa,AVL,110011,D,D,703,703,703,4,,774,L. Routh,leon-routh,https://fantraximg.com/assets/images/logos/sportsteam/epl/Aston_Villa.png,,774,FA,Free Agent,,EVE<br/>Sun 8:30AM,EVE,False,Sun 8:30AM,06c27,0,0,0%,0%,
06eo0,Lesley Ugochukwu,,,BUR,Burnley,BUR,110223,M,M,702,702,702,5,,180,L. Ugochukwu,lesley-ugochukwu,https://fantraximg.com/assets/images/logos/sportsteam/epl/Burnley_3.png,,180,W <small>(Thu)</small>,"Waiver Wire - Off Thu Jan 22, 9:00 AM PST",,BUR 1<br/>@LIV 1 F,BUR 1,False,@LIV 1 F,06c7a,105.5,5.02,5%,0%,
062p5,Levi Colwill,,,CHE,Chelsea,CHE,110040,D,D,703,703,703,5,,558,L. Colwill,levi-colwill,https://fantraximg.com/assets/images/logos/sportsteam/epl/Chelsea.png,,558,W <small>(Thu)</small>,"Waiver Wire - Off Thu Jan 22, 9:00 AM PST",,BRF 0<br/>@CHE 2 F,BRF 0,False,@CHE 2 F,06c29,0,0,14%,0%,
043qy,Lewis Cook,,,BOU,Bournemouth,BOU,110034,M,M,702,702,702,4,,297,L. Cook,lewis-cook,https://fantraximg.com/assets/images/logos/sportsteam/epl/Bournemouth.png,2,297,FA,Free Agent,,@BHA<br/>Mon 12:00PM,BHA,True,Mon 12:00PM,06c28,54.75,4.98,16%,-2%,-1.0
05uog,Lewis Dobbin,,,AVL,Aston Villa,AVL,110011,F,F,701,701,701,4,,576,L. Dobbin,lewis-dobbin,https://fantraximg.com/assets/images/logos/sportsteam/epl/Aston_Villa.png,,576,FA,Free Agent,,EVE<br/>Sun 8:30AM,EVE,False,Sun 8:30AM,06c27,0,0,0%,0%,
04e1c,Lewis Dunk,,,BHA,Brighton,BHA,110240,D,D,703,703,703,4,,160,L. Dunk,lewis-dunk,https://fantraximg.com/assets/images/logos/sportsteam/epl/Brighton_and_Hove_Albion.png,2,160,FA,Free Agent,,BOU<br/>Mon 12:00PM,BOU,False,Mon 12:00PM,06c28,116.5,5.83,21%,+2%,1.0
05y9n,Lewis Hall,,,NEW,Newcastle United,NEW,110101,D,D,703,703,703,,,143,L. Hall,lewis-hall,https://fantraximg.com/assets/images/logos/sportsteam/epl/Newcastle_United.png,2,143,hogan_m,"1 - Yoro wizard, Harry! (hogan_m)",3uxxpgpemc719rep,@WOL<br/>Sun 6:00AM,WOL,True,Sun 6:00AM,06c2e,124.5,8.89,91%,+3%,1.0
06ab3,Lewis Miley,,,NEW,Newcastle United,NEW,110101,M,M,702,702,702,,,162,L. Miley,lewis-miley,https://fantraximg.com/assets/images/logos/sportsteam/epl/Newcastle_United.png,,162,scout,1 - scout skegghorst (trouttreghorst),0cyx6ukymc719rep,@WOL<br/>Sun 6:00AM,WOL,True,Sun 6:00AM,06c2e,115.75,6.81,40%,+6%,1.0
066iz,Lewis Orford,,,WHU,West Ham United,WHU,110175,M,M,702,702,702,5,,736,L. Orford,lewis-orford,https://fantraximg.com/assets/images/logos/sportsteam/epl/West_Ham_United.png,,736,W <small>(Thu)</small>,"Waiver Wire - Off Thu Jan 22, 9:00 AM PST",,WHU 2<br/>@TOT 1 F,WHU 2,False,@TOT 1 F,06c2d,0,0,0%,0%,
05oig,Liam Delap,,,CHE,Chelsea,CHE,110040,F,F,701,701,701,5,,328,L. Delap,liam-delap,https://fantraximg.com/assets/images/logos/sportsteam/epl/Chelsea.png,,328,W <small>(Thu)</small>,"Waiver Wire - Off Thu Jan 22, 9:00 AM PST",,BRF 0<br/>@CHE 2 F,BRF 0,False,@CHE 2 F,06c29,41,3.15,58%,+2%,1.0
062pl,Lisandro Martinez,,,MUN,Manchester United,MUN,110090,D,D,703,703,703,5,,300,L. Martinez,lisandro-martinez,https://fantraximg.com/assets/images/logos/sportsteam/epl/Manchester_United.png,,300,W <small>(Thu)</small>,"Waiver Wire - Off Thu Jan 22, 9:00 AM PST",,MCI 0<br/>@MUN 2 F,MCI 0,False,@MUN 2 F,06c2a,53,5.3,15%,-7%,-1.0
06zbo,Louie Copley,,,ARS,Arsenal,ARS,110000,M,M,702,702,702,5,,559,L. Copley,louie-copley,https://fantraximg.com/assets/images/logos/sportsteam/epl/Arsenal.png,,559,W <small>(Thu)</small>,"Waiver Wire - Off Thu Jan 22, 9:00 AM PST",,ARS 0<br/>@NOT 0 F,ARS 0,False,@NOT 0 F,06c2b,0,0,0%,0%,
06y27,Loum Tchaouna,,,BUR,Burnley,BUR,110223,F,F,701,701,701,5,,305,L. Tchaouna,loum-tchaouna,https://fantraximg.com/assets/images/logos/sportsteam/epl/Burnley_3.png,,305,W <small>(Thu)</small>,"Waiver Wire - Off Thu Jan 22, 9:00 AM PST",,BUR 1<br/>@LIV 1 F,BUR 1,False,@LIV 1 F,06c7a,50,2.94,7%,0%,
06exj,Luca Gunter,,,TOT,Tottenham Hotspur,TOT,110160,G,G,704,704,704,5,,616,L. Gunter,luca-gunter,https://fantraximg.com/assets/images/logos/sportsteam/epl/Tottenham_Hotspur.png,,616,W <small>(Thu)</small>,"Waiver Wire - Off Thu Jan 22, 9:00 AM PST",,WHU 2<br/>@TOT 1 F,WHU 2,False,@TOT 1 F,06c2d,0,0,0%,0%,
06dqv,Luca Koleosho,,,BUR,Burnley,BUR,110223,M,M,701,702,702,5,,663,L. Koleosho,luca-koleosho,https://fantraximg.com/assets/images/logos/sportsteam/epl/Burnley_3.png,,663,W <small>(Thu)</small>,"Waiver Wire - Off Thu Jan 22, 9:00 AM PST",,BUR 1<br/>@LIV 1 F,BUR 1,False,@LIV 1 F,06c7a,0,0,0%,0%,
06nl8,Luca Stephenson,,,LIV,Liverpool,LIV,110070,M,M,702,702,702,5,,805,L. Stephenson,luca-stephenson,https://fantraximg.com/assets/images/logos/sportsteam/epl/Liverpool.png,,805,W <small>(Thu)</small>,"Waiver Wire - Off Thu Jan 22, 9:00 AM PST",,BUR 1<br/>@LIV 1 F,BUR 1,False,@LIV 1 F,06c7a,0,0,0%,0%,
06qq9,Luca Williams-Barnett,,,TOT,Tottenham Hotspur,TOT,110160,F,F,702,701,701,5,,841,L. Williams-Barnett,luca-williams-barnett,https://fantraximg.com/assets/images/logos/sportsteam/epl/Tottenham_Hotspur.png,,841,W <small>(Thu)</small>,"Waiver Wire - Off Thu Jan 22, 9:00 AM PST",,WHU 2<br/>@TOT 1 F,WHU 2,False,@TOT 1 F,06c2d,0,0,0%,0%,
06mn7,Lucas Bergvall,,,TOT,Tottenham Hotspur,TOT,110160,M,M,702,702,702,5,,248,L. Bergvall,lucas-bergvall,https://fantraximg.com/assets/images/logos/sportsteam/epl/Tottenham_Hotspur.png,,248,W <small>(Thu)</small>,"Waiver Wire - Off Thu Jan 22, 9:00 AM PST",,WHU 2<br/>@TOT 1 F,WHU 2,False,@TOT 1 F,06c2d,71.25,4.19,11%,-2%,-1.0
04tm0,Lucas Digne,,,AVL,Aston Villa,AVL,110011,D,D,703,703,703,,,106,L. Digne,lucas-digne,https://fantraximg.com/assets/images/logos/sportsteam/epl/Aston_Villa.png,,106,ideso,1 - Cucu Diddler Rella (idesofmarz),e1zcwbwfmc719rep,EVE<br/>Sun 8:30AM,EVE,False,Sun 8:30AM,06c27,148,7.4,63%,+2%,1.0
0647t,Lucas Paqueta,,,WHU,West Ham United,WHU,110175,M,M,702,702,702,,,81,Lucas Paqueta,lucas-tolentino-coelho-de-lima,https://fantraximg.com/assets/images/logos/sportsteam/epl/West_Ham_United.png,,81,ideso,1 - Cucu Diddler Rella (idesofmarz),e1zcwbwfmc719rep,WHU 2<br/>@TOT 1 F,WHU 2,False,@TOT 1 F,06c2d,167.75,9.32,89%,-6%,-1.0
04ym7,Lucas Perri,,,LEE,Leeds United,LEE,110261,G,G,704,704,704,5,,240,Lucas Perri,lucas-estella-perri,https://fantraximg.com/assets/images/logos/sportsteam/epl/Leeds_United2.png,,240,W <small>(Thu)</small>,"Waiver Wire - Off Thu Jan 22, 9:00 AM PST",,FUL 0<br/>@LEE 1 F,FUL 0,False,@LEE 1 F,06c79,76,4.75,6%,0%,
06uzn,Lucas Pires,,,BUR,Burnley,BUR,110223,D,D,703,703,703,5,,333,Lucas Pires,lucas-pires-silva,https://fantraximg.com/assets/images/logos/sportsteam/epl/Burnley_3.png,,333,W <small>(Thu)</small>,"Waiver Wire - Off Thu Jan 22, 9:00 AM PST",,BUR 1<br/>@LIV 1 F,BUR 1,False,@LIV 1 F,06c7a,38.75,4.84,1%,0%,
05yld,Luis Diaz,,,LIV,Liverpool,LIV,110070,F,F,701,701,701,5,,574,L. Diaz,luis-diaz,https://fantraximg.com/assets/images/logos/sportsteam/epl/Liverpool.png,,574,W <small>(Thu)</small>,"Waiver Wire - Off Thu Jan 22, 9:00 AM PST",,BUR 1<br/>@LIV 1 F,BUR 1,False,@LIV 1 F,06c7a,0,0,5%,0%,
070hm,Luis Eduardo Soares da Silva,,,NOT,Nottingham Forest,NOT,110105,D,D,703,703,703,5,,798,L. Soares da Silva,luis-eduardo-soares-da-silva,https://fantraximg.com/assets/images/logos/sportsteam/epl/Nottingham_Forest.png,,798,W <small>(Thu)</small>,"Waiver Wire - Off Thu Jan 22, 9:00 AM PST",,ARS 0<br/>@NOT 0 F,ARS 0,False,@NOT 0 F,06c2b,0,0,0%,0%,
06mgp,Luis Guilherme,,,WHU,West Ham United,WHU,110175,M,M,701,702,702,5,,447,Luis Guilherme,luis-guilherme-lira-dos-santos,https://fantraximg.com/assets/images/logos/sportsteam/epl/West_Ham_United.png,,447,W <small>(Thu)</small>,"Waiver Wire - Off Thu Jan 22, 9:00 AM PST",,WHU 2<br/>@TOT 1 F,WHU 2,False,@TOT 1 F,06c2d,3,0.6,0%,0%,
06xzp,Luis Hemir Silva Semedo,,,SUN,Sunderland,SUN,110141,F,F,701,701,701,5,,791,L. Silva Semedo,luis-hemir-silva-semedo,https://fantraximg.com/assets/images/logos/sportsteam/epl/Sunderland.png,,791,W <small>(Thu)</small>,"Waiver Wire - Off Thu Jan 22, 9:00 AM PST",,CRY 1<br/>@SUN 2 F,CRY 1,False,@SUN 2 F,06c2c,0,0,0%,0%,
062h9,Luis Sinisterra,,,BOU,Bournemouth,BOU,110034,F,F,701,701,701,4,,795,L. Sinisterra,luis-sinisterra,https://fantraximg.com/assets/images/logos/sportsteam/epl/Bournemouth.png,,795,FA,Free Agent,,@BHA<br/>Mon 12:00PM,BHA,True,Mon 12:00PM,06c28,0,0,0%,0%,
06v0y,Luka Vuskovic,,,TOT,Tottenham Hotspur,TOT,110160,D,D,703,703,703,5,,827,L. Vuskovic,luka-vuskovic,https://fantraximg.com/assets/images/logos/sportsteam/epl/Tottenham_Hotspur.png,,827,W <small>(Thu)</small>,"Waiver Wire - Off Thu Jan 22, 9:00 AM PST",,WHU 2<br/>@TOT 1 F,WHU 2,False,@TOT 1 F,06c2d,0,0,1%,0%,
04lnu,Lukas Nmecha,,,LEE,Leeds United,LEE,110261,F,F,701,701,701,5,,233,L. Nmecha,lukas-nmecha,https://fantraximg.com/assets/images/logos/sportsteam/epl/Leeds_United2.png,,233,W <small>(Thu)</small>,"Waiver Wire - Off Thu Jan 22, 9:00 AM PST",,FUL 0<br/>@LEE 1 F,FUL 0,False,@LEE 1 F,06c79,80.5,4.24,8%,-1%,-1.0
02lym,Lukasz Fabianski,,,WHU,West Ham United,WHU,110175,G,G,704,704,704,5,,587,L. Fabianski,lukasz-fabianski,https://fantraximg.com/assets/images/logos/sportsteam/epl/West_Ham_United.png,,587,W <small>(Thu)</small>,"Waiver Wire - Off Thu Jan 22, 9:00 AM PST",,WHU 2<br/>@TOT 1 F,WHU 2,False,@TOT 1 F,06c2d,0,0,0%,0%,
06zoe,Luke Browne,,,CRY,Crystal Palace,CRY,110045,D,D,703,703,703,5,,533,L. Browne,luke-browne,https://fantraximg.com/assets/images/logos/sportsteam/epl/Crystal_Palace.png,,533,W <small>(Thu)</small>,"Waiver Wire - Off Thu Jan 22, 9:00 AM PST",,CRY 1<br/>@SUN 2 F,CRY 1,False,@SUN 2 F,06c2c,0,0,0%,0%,
063dz,Luke Harris,,,FUL,Fulham,FUL,110063,M,M,702,702,702,5,,622,L. Harris,luke-harris,https://fantraximg.com/assets/images/logos/sportsteam/epl/Fulham.png,,622,W <small>(Thu)</small>,"Waiver Wire - Off Thu Jan 22, 9:00 AM PST",,FUL 0<br/>@LEE 1 F,FUL 0,False,@LEE 1 F,06c79,0,0,0%,0%,
06v0m,Luke O'Nien,,,SUN,Sunderland,SUN,110141,M,M,702,702,702,5,,863,L. O'Nien,luke-onien,https://fantraximg.com/assets/images/logos/sportsteam/epl/Sunderland.png,,863,W <small>(Thu)</small>,"Waiver Wire - Off Thu Jan 22, 9:00 AM PST",,CRY 1<br/>@SUN 2 F,CRY 1,False,@SUN 2 F,06c2c,-6,-2,1%,0%,
06nve,Luke Rawlings,,,WOL,Wolverhampton,WOL,110191,M,M,702,702,702,4,,763,L. Rawlings,luke-rawlings,https://fantraximg.com/assets/images/logos/sportsteam/epl/Wolverhampton_Wanderers.png,,763,FA,Free Agent,,NEW<br/>Sun 6:00AM,NEW,False,Sun 6:00AM,06c2e,0,0,0%,0%,
02oq6,Luke Shaw,,,MUN,Manchester United,MUN,110090,D,D,703,703,703,5,,128,L. Shaw,luke-shaw,https://fantraximg.com/assets/images/logos/sportsteam/epl/Manchester_United.png,,128,W <small>(Thu)</small>,"Waiver Wire - Off Thu Jan 22, 9:00 AM PST",,MCI 0<br/>@MUN 2 F,MCI 0,False,@MUN 2 F,06c2a,131.75,5.99,28%,-10%,-1.0
070ho,Lutsharel Geertruida,,,SUN,Sunderland,SUN,110141,D,D,703,703,703,5,,274,L. Geertruida,lutsharel-geertruida,https://fantraximg.com/assets/images/logos/sportsteam/epl/Sunderland.png,,274,W <small>(Thu)</small>,"Waiver Wire - Off Thu Jan 22, 9:00 AM PST",,CRY 1<br/>@SUN 2 F,CRY 1,False,@SUN 2 F,06c2c,63,3.71,1%,-1%,-1.0
06c4o,Lyle Foster,,,BUR,Burnley,BUR,110223,F,F,701,701,701,5,,267,L. Foster,lyle-foster,https://fantraximg.com/assets/images/logos/sportsteam/epl/Burnley_3.png,,267,W <small>(Thu)</small>,"Waiver Wire - Off Thu Jan 22, 9:00 AM PST",,BUR 1<br/>@LIV 1 F,BUR 1,False,@LIV 1 F,06c7a,66,4.4,9%,0%,
06mga,Mads Hermansen,,,WHU,West Ham United,WHU,110175,G,G,704,704,704,5,,391,M. Hermansen,mads-hermansen,https://fantraximg.com/assets/images/logos/sportsteam/epl/West_Ham_United.png,,391,W <small>(Thu)</small>,"Waiver Wire - Off Thu Jan 22, 9:00 AM PST",,WHU 2<br/>@TOT 1 F,WHU 2,False,@TOT 1 F,06c2d,17.75,4.44,2%,0%,
05tr5,Mads Roerslev,,,BRF,Brentford,BRF,110237,D,D,703,703,703,5,,771,M. Roerslev,mads-roerslev,https://fantraximg.com/assets/images/logos/sportsteam/epl/Brentford.png,,771,W <small>(Thu)</small>,"Waiver Wire - Off Thu Jan 22, 9:00 AM PST",,BRF 0<br/>@CHE 2 F,BRF 0,False,@CHE 2 F,06c29,0,0,0%,0%,
06qvv,Malachi Hardy,,,TOT,Tottenham Hotspur,TOT,110160,D,D,703,703,703,5,,620,M. Hardy,malachi-hardy,https://fantraximg.com/assets/images/logos/sportsteam/epl/Tottenham_Hotspur.png,,620,W <small>(Thu)</small>,"Waiver Wire - Off Thu Jan 22, 9:00 AM PST",,WHU 2<br/>@TOT 1 F,WHU 2,False,@TOT 1 F,06c2d,0,0,0%,0%,
062ck,Malcolm Ebiowei,,,CRY,Crystal Palace,CRY,110045,F,F,701,701,701,5,,581,M. Ebiowei,malcolm-ebiowei,https://fantraximg.com/assets/images/logos/sportsteam/epl/Crystal_Palace.png,,581,W <small>(Thu)</small>,"Waiver Wire - Off Thu Jan 22, 9:00 AM PST",,CRY 1<br/>@SUN 2 F,CRY 1,False,@SUN 2 F,06c2c,0,0,0%,0%,
072ga,Malcom DaCosta,,,BOU,Bournemouth,BOU,110034,M,M,702,702,702,4,,564,M. DaCosta,malcom-dacosta,https://fantraximg.com/assets/images/logos/sportsteam/epl/Bournemouth.png,,564,FA,Free Agent,,@BHA<br/>Mon 12:00PM,BHA,True,Mon 12:00PM,06c28,0,0,0%,0%,
0700p,Malick Thiaw,,,NEW,Newcastle United,NEW,110101,D,D,703,703,703,,,69,M. Thiaw,malick-thiaw,https://fantraximg.com/assets/images/logos/sportsteam/epl/Newcastle_United.png,2,69,hogan_m,"1 - Yoro wizard, Harry! (hogan_m)",3uxxpgpemc719rep,@WOL<br/>Sun 6:00AM,WOL,True,Sun 6:00AM,06c2e,178.25,9.9,76%,0%,
06msb,Malick Yalcouye,,,BHA,Brighton,BHA,110240,M,M,702,702,702,4,,848,M. Yalcouye,malick-yalcouye,https://fantraximg.com/assets/images/logos/sportsteam/epl/Brighton_and_Hove_Albion.png,,848,FA,Free Agent,,BOU<br/>Mon 12:00PM,BOU,False,Mon 12:00PM,06c28,0,0,0%,0%,
072lp,Malik Olayiwola,,,EVE,Everton,EVE,110050,M,M,702,702,702,4,,732,M. Olayiwola,malik-olayiwola,https://fantraximg.com/assets/images/logos/sportsteam/epl/Everton.png,,732,FA,Free Agent,,@AVL<br/>Sun 8:30AM,AVL,True,Sun 8:30AM,06c27,0,0,0%,0%,
06clz,Malo Gusto,,,CHE,Chelsea,CHE,110040,D,D,703,703,703,,,111,M. Gusto,malo-gusto,https://fantraximg.com/assets/images/logos/sportsteam/epl/Chelsea.png,,111,zach0,1 - Start Dowman (zach082826),5kp58voomc719rep,BRF 0<br/>@CHE 2 F,BRF 0,False,@CHE 2 F,06c29,144,7.58,56%,-15%,-1.0
06uzu,Mamadou Sarr,,,CHE,Chelsea,CHE,110040,D,D,703,703,703,5,,786,M. Sarr,mamadou-sarr,https://fantraximg.com/assets/images/logos/sportsteam/epl/Chelsea.png,,786,W <small>(Thu)</small>,"Waiver Wire - Off Thu Jan 22, 9:00 AM PST",,BRF 0<br/>@CHE 2 F,BRF 0,False,@CHE 2 F,06c29,0,0,0%,0%,
06329,Manor Solomon,,,TOT,Tottenham Hotspur,TOT,110160,F,F,701,701,701,5,,800,M. Solomon,manor-solomon,https://fantraximg.com/assets/images/logos/sportsteam/epl/Tottenham_Hotspur.png,,800,W <small>(Thu)</small>,"Waiver Wire - Off Thu Jan 22, 9:00 AM PST",,WHU 2<br/>@TOT 1 F,WHU 2,False,@TOT 1 F,06c2d,0,0,1%,0%,
0649j,Manuel Akanji,,,MCI,Manchester City,MCI,110080,D,D,703,703,703,5,,482,M. Akanji,manuel-akanji,https://fantraximg.com/assets/images/logos/sportsteam/epl/Manchester_City.png,,482,W <small>(Thu)</small>,"Waiver Wire - Off Thu Jan 22, 9:00 AM PST",,MCI 0<br/>@MUN 2 F,MCI 0,False,@MUN 2 F,06c2a,0,0,2%,0%,
06pib,Manuel Ugarte,,,MUN,Manchester United,MUN,110090,M,M,702,702,702,5,,299,M. Ugarte,manuel-ugarte,https://fantraximg.com/assets/images/logos/sportsteam/epl/Manchester_United.png,,299,W <small>(Thu)</small>,"Waiver Wire - Off Thu Jan 22, 9:00 AM PST",,MCI 0<br/>@MUN 2 F,MCI 0,False,@MUN 2 F,06c2a,54.25,3.39,4%,-1%,-1.0
05w9i,Marc Cucurella,,,CHE,Chelsea,CHE,110040,D,D,703,703,703,,,75,M. Cucurella,marc-cucurella,https://fantraximg.com/assets/images/logos/sportsteam/epl/Chelsea.png,,75,ideso,1 - Cucu Diddler Rella (idesofmarz),e1zcwbwfmc719rep,BRF 0<br/>@CHE 2 F,BRF 0,False,@CHE 2 F,06c29,173.75,8.69,99%,0%,
050jq,Marc Guehi,,,CRY,Crystal Palace,CRY,110045,D,D,703,703,703,,,14,M. Guehi,marc-guehi,https://fantraximg.com/assets/images/logos/sportsteam/epl/Crystal_Palace.png,,14,plist,1 - Baby Jesus (plisterud),4kktj7fqmc719rep,CRY 1<br/>@SUN 2 F,CRY 1,False,@SUN 2 F,06c2c,226.25,11.31,98%,0%,
06mnm,Marc Guiu,,,CHE,Chelsea,CHE,110040,F,F,701,701,701,5,,390,M. Guiu,marc-guiu,https://fantraximg.com/assets/images/logos/sportsteam/epl/Chelsea.png,,390,W <small>(Thu)</small>,"Waiver Wire - Off Thu Jan 22, 9:00 AM PST",,BRF 0<br/>@CHE 2 F,BRF 0,False,@CHE 2 F,06c29,18,2,4%,0%,
06ymt,Marco Bizot,,,AVL,Aston Villa,AVL,110011,G,G,704,704,704,4,,371,M. Bizot,marco-bizot,https://fantraximg.com/assets/images/logos/sportsteam/epl/Aston_Villa.png,,371,FA,Free Agent,,EVE<br/>Sun 8:30AM,EVE,False,Sun 8:30AM,06c27,26.5,5.3,4%,+2%,1.0
063e7,Marcos Senesi,,,BOU,Bournemouth,BOU,110034,D,D,703,703,703,,,23,M. Senesi,marcos-senesi,https://fantraximg.com/assets/images/logos/sportsteam/epl/Bournemouth.png,2,23,kinge,1 - Boomsakalaka (kingeric7.),4w3svguhmc719rep,@BHA<br/>Mon 12:00PM,BHA,True,Mon 12:00PM,06c28,213.75,10.69,89%,+1%,1.0
02ls8,Marcus Bettinelli,,,MCI,Manchester City,MCI,110080,G,G,704,704,704,5,,517,M. Bettinelli,marcus-bettinelli,https://fantraximg.com/assets/images/logos/sportsteam/epl/Manchester_City.png,,517,W <small>(Thu)</small>,"Waiver Wire - Off Thu Jan 22, 9:00 AM PST",,MCI 0<br/>@MUN 2 F,MCI 0,False,@MUN 2 F,06c2a,0,0,0%,0%,
044w8,Marcus Edwards,,,BUR,Burnley,BUR,110223,F,F,701,701,701,5,,264,M. Edwards,marcus-edwards,https://fantraximg.com/assets/images/logos/sportsteam/epl/Burnley_3.png,,264,W <small>(Thu)</small>,"Waiver Wire - Off Thu Jan 22, 9:00 AM PST",,BUR 1<br/>@LIV 1 F,BUR 1,False,@LIV 1 F,06c7a,66.75,5.56,10%,0%,
06zbs,Marcus Hill,,,CRY,Crystal Palace,CRY,110045,G,G,704,704,704,5,,636,M. Hill,marcus-hill,https://fantraximg.com/assets/images/logos/sportsteam/epl/Crystal_Palace.png,,636,W <small>(Thu)</small>,"Waiver Wire - Off Thu Jan 22, 9:00 AM PST",,CRY 1<br/>@SUN 2 F,CRY 1,False,@SUN 2 F,06c2c,0,0,0%,0%,
0639x,Marcus Tavernier,,,BOU,Bournemouth,BOU,110034,M,M,702,702,702,,,64,M. Tavernier,marcus-tavernier,https://fantraximg.com/assets/images/logos/sportsteam/epl/Bournemouth.png,2,64,scout,1 - scout skegghorst (trouttreghorst),0cyx6ukymc719rep,@BHA<br/>Mon 12:00PM,BHA,True,Mon 12:00PM,06c28,182.5,8.69,98%,+1%,1.0
05n09,Mark Gillespie,,,NEW,Newcastle United,NEW,110101,G,G,704,704,704,4,,603,M. Gillespie,mark-gillespie,https://fantraximg.com/assets/images/logos/sportsteam/epl/Newcastle_United.png,,603,FA,Free Agent,,@WOL<br/>Sun 6:00AM,WOL,True,Sun 6:00AM,06c2e,0,0,0%,0%,
04vy4,Mark Travers,,,EVE,Everton,EVE,110050,G,G,704,704,704,4,,815,M. Travers,mark-travers,https://fantraximg.com/assets/images/logos/sportsteam/epl/Everton.png,,815,FA,Free Agent,,@AVL<br/>Sun 8:30AM,AVL,True,Sun 8:30AM,06c27,0,0,1%,0%,
06mmk,Marko Stamenic,,,NOT,Nottingham Forest,NOT,110105,M,M,702,702,702,5,,802,M. Stamenic,marko-stamenic,https://fantraximg.com/assets/images/logos/sportsteam/epl/Nottingham_Forest.png,,802,W <small>(Thu)</small>,"Waiver Wire - Off Thu Jan 22, 9:00 AM PST",,ARS 0<br/>@NOT 0 F,ARS 0,False,@NOT 0 F,06c2b,0,0,0%,0%,
070em,Marley Leuluai,,,BUR,Burnley,BUR,110223,M,M,702,702,702,5,,678,M. Leuluai,marley-leuluai,https://fantraximg.com/assets/images/logos/sportsteam/epl/Burnley_3.png,,678,W <small>(Thu)</small>,"Waiver Wire - Off Thu Jan 22, 9:00 AM PST",,BUR 1<br/>@LIV 1 F,BUR 1,False,@LIV 1 F,06c7a,0,0,0%,0%,
06zbn,Marli Salmon,,,ARS,Arsenal,ARS,110000,D,D,703,703,703,5,,781,M. Salmon,marli-salmon,https://fantraximg.com/assets/images/logos/sportsteam/epl/Arsenal.png,,781,W <small>(Thu)</small>,"Waiver Wire - Off Thu Jan 22, 9:00 AM PST",,ARS 0<br/>@NOT 0 F,ARS 0,False,@NOT 0 F,06c2b,0,0,0%,0%,
06rma,Marshall Munetsi,,,WOL,Wolverhampton,WOL,110191,M,M,702,702,702,4,,231,M. Munetsi,marshall-munetsi,https://fantraximg.com/assets/images/logos/sportsteam/epl/Wolverhampton_Wanderers.png,,231,FA,Free Agent,,NEW<br/>Sun 6:00AM,NEW,False,Sun 6:00AM,06c2e,81,6.23,12%,-1%,-1.0
06441,Martial Godo,,,FUL,Fulham,FUL,110063,F,F,701,701,701,5,,604,M. Godo,martial-godo,https://fantraximg.com/assets/images/logos/sportsteam/epl/Fulham.png,,604,W <small>(Thu)</small>,"Waiver Wire - Off Thu Jan 22, 9:00 AM PST",,FUL 0<br/>@LEE 1 F,FUL 0,False,@LEE 1 F,06c79,0,0,0%,0%,
04mr4,Martin Dubravka,,,BUR,Burnley,BUR,110223,G,G,704,704,704,5,,54,M. Dubravka,martin-dubravka,https://fantraximg.com/assets/images/logos/sportsteam/epl/Burnley_3.png,,54,W <small>(Thu)</small>,"Waiver Wire - Off Thu Jan 22, 9:00 AM PST",,BUR 1<br/>@LIV 1 F,BUR 1,False,@LIV 1 F,06c7a,189.25,8.6,32%,0%,
05r9b,Martin Odegaard,,,ARS,Arsenal,ARS,110000,M,M,702,702,702,,,150,M. Odegaard,martin-odegaard,https://fantraximg.com/assets/images/logos/sportsteam/epl/Arsenal.png,,150,josht,1 - Dark Arts FC (joshtradamus),h61uavhqmc719rep,ARS 0<br/>@NOT 0 F,ARS 0,False,@NOT 0 F,06c2b,121.5,7.59,100%,+1%,1.0
06po8,Martin Sherif,,,EVE,Everton,EVE,110050,F,F,701,701,701,4,,790,M. Sherif,martin-sherif,https://fantraximg.com/assets/images/logos/sportsteam/epl/Everton.png,,790,FA,Free Agent,,@AVL<br/>Sun 8:30AM,AVL,True,Sun 8:30AM,06c27,0,0,0%,0%,
06y9z,Martin Zubimendi,,,ARS,Arsenal,ARS,110000,M,M,702,702,702,,,88,M. Zubimendi,martin-zubimendi,https://fantraximg.com/assets/images/logos/sportsteam/epl/Arsenal.png,,88,zach0,1 - Start Dowman (zach082826),5kp58voomc719rep,ARS 0<br/>@NOT 0 F,ARS 0,False,@NOT 0 F,06c2b,160.5,7.3,91%,0%,
052cd,Mason Mount,,,MUN,Manchester United,MUN,110090,M,M,702,702,702,5,,227,M. Mount,mason-mount,https://fantraximg.com/assets/images/logos/sportsteam/epl/Manchester_United.png,,227,W <small>(Thu)</small>,"Waiver Wire - Off Thu Jan 22, 9:00 AM PST",,MCI 0<br/>@MUN 2 F,MCI 0,False,@MUN 2 F,06c2a,82,4.82,24%,-4%,-1.0
06r5r,Matai Akinmboni,,,BOU,Bournemouth,BOU,110034,D,D,703,703,703,4,,484,M. Akinmboni,matai-akinmboni,https://fantraximg.com/assets/images/logos/sportsteam/epl/Bournemouth.png,,484,FA,Free Agent,,@BHA<br/>Mon 12:00PM,BHA,True,Mon 12:00PM,06c28,0,0,0%,0%,
066j4,Mateo Joseph,,,LEE,Leeds United,LEE,110261,F,F,701,701,701,5,,591,Mateo Joseph,mateo-joseph-fernandez,https://fantraximg.com/assets/images/logos/sportsteam/epl/Leeds_United2.png,,591,W <small>(Thu)</small>,"Waiver Wire - Off Thu Jan 22, 9:00 AM PST",,FUL 0<br/>@LEE 1 F,FUL 0,False,@LEE 1 F,06c79,0,0,0%,0%,
04u41,Mateo Kovacic,,,MCI,Manchester City,MCI,110080,M,M,702,702,702,5,,470,M. Kovacic,mateo-kovacic,https://fantraximg.com/assets/images/logos/sportsteam/epl/Manchester_City.png,,470,W <small>(Thu)</small>,"Waiver Wire - Off Thu Jan 22, 9:00 AM PST",,MCI 0<br/>@MUN 2 F,MCI 0,False,@MUN 2 F,06c2a,0.5,0.5,1%,0%,
06pe1,Mateus Goncalo Espanha Fernandes,,,WHU,West Ham United,WHU,110175,M,M,702,702,702,5,,85,M. Espanha Fernandes,mateus-goncalo-espanha-fernandes,https://fantraximg.com/assets/images/logos/sportsteam/epl/West_Ham_United.png,,85,W <small>(Thu)</small>,"Waiver Wire - Off Thu Jan 22, 9:00 AM PST",,WHU 2<br/>@TOT 1 F,WHU 2,False,@TOT 1 F,06c2d,162.5,8.12,52%,-10%,-1.0
06rpm,Mateus Mané,,,WOL,Wolverhampton,WOL,110191,F,F,701,701,701,,,256,M. Mané,mateus-mane,https://fantraximg.com/assets/images/logos/sportsteam/epl/Wolverhampton_Wanderers.png,2,256,ramgo,1 - Troy McClure's Fish Fetish (ramgorn),xwd21t85mc719rep,NEW<br/>Sun 6:00AM,NEW,False,Sun 6:00AM,06c2e,69.25,6.92,45%,+16%,1.0
067yz,Matheus Cunha,,,MUN,Manchester United,MUN,110090,F,F,701,701,701,,,63,Matheus Cunha,matheus-santos-carneiro-da-cunha,https://fantraximg.com/assets/images/logos/sportsteam/epl/Manchester_United.png,,63,scout,1 - scout skegghorst (trouttreghorst),0cyx6ukymc719rep,MCI 0<br/>@MUN 2 F,MCI 0,False,@MUN 2 F,06c2a,182.75,9.62,100%,0%,
06exa,Matheus Franca,,,CRY,Crystal Palace,CRY,110045,F,F,701,701,701,5,,596,Matheus Franca,matheus-franca-de-oliveira,https://fantraximg.com/assets/images/logos/sportsteam/epl/Crystal_Palace.png,,596,W <small>(Thu)</small>,"Waiver Wire - Off Thu Jan 22, 9:00 AM PST",,CRY 1<br/>@SUN 2 F,CRY 1,False,@SUN 2 F,06c2c,0,0,0%,0%,
063zi,Matheus Nunes,,,MCI,Manchester City,MCI,110080,D,D,702,703,703,,,39,Matheus Nunes,matheus-luiz-nunes,https://fantraximg.com/assets/images/logos/sportsteam/epl/Manchester_City.png,,39,ideso,1 - Cucu Diddler Rella (idesofmarz),e1zcwbwfmc719rep,MCI 0<br/>@MUN 2 F,MCI 0,False,@MUN 2 F,06c2a,198.75,10.46,97%,-1%,-1.0
05tr9,Mathias Jensen,,,BRF,Brentford,BRF,110237,M,M,702,702,702,5,,241,M. Jensen,mathias-jensen,https://fantraximg.com/assets/images/logos/sportsteam/epl/Brentford.png,,241,W <small>(Thu)</small>,"Waiver Wire - Off Thu Jan 22, 9:00 AM PST",,BRF 0<br/>@CHE 2 F,BRF 0,False,@CHE 2 F,06c29,75.5,3.77,2%,0%,
06rm8,Mathys Tel,,,TOT,Tottenham Hotspur,TOT,110160,F,F,701,701,701,,,245,M. Tel,mathys-tel,https://fantraximg.com/assets/images/logos/sportsteam/epl/Tottenham_Hotspur.png,,245,scout,1 - scout skegghorst (trouttreghorst),0cyx6ukymc719rep,WHU 2<br/>@TOT 1 F,WHU 2,False,@TOT 1 F,06c2d,72.25,4.82,56%,+27%,1.0
06mpp,Mats Wieffer,,,BHA,Brighton,BHA,110240,M,M,702,702,702,4,,124,M. Wieffer,mats-wieffer,https://fantraximg.com/assets/images/logos/sportsteam/epl/Brighton_and_Hove_Albion.png,,124,FA,Free Agent,,BOU<br/>Mon 12:00PM,BOU,False,Mon 12:00PM,06c28,134.75,8.42,47%,-4%,-1.0
02m11,Matt Doherty,,,WOL,Wolverhampton,WOL,110191,D,D,703,703,703,4,,345,M. Doherty,matt-doherty,https://fantraximg.com/assets/images/logos/sportsteam/epl/Wolverhampton_Wanderers.png,,345,FA,Free Agent,,NEW<br/>Sun 6:00AM,NEW,False,Sun 6:00AM,06c2e,35.75,4.47,1%,0%,
04qfq,Matt O'Riley,,,BHA,Brighton,BHA,110240,M,M,702,702,702,4,,367,M. O'Riley,matt-oriley,https://fantraximg.com/assets/images/logos/sportsteam/epl/Brighton_and_Hove_Albion.png,,367,FA,Free Agent,,BOU<br/>Mon 12:00PM,BOU,False,Mon 12:00PM,06c28,27.5,13.75,15%,0%,
0372y,Matt Targett,,,NEW,Newcastle United,NEW,110101,D,D,703,703,703,4,,809,M. Targett,matt-targett,https://fantraximg.com/assets/images/logos/sportsteam/epl/Newcastle_United.png,,809,FA,Free Agent,,@WOL<br/>Sun 6:00AM,WOL,True,Sun 6:00AM,06c2e,0,0,0%,0%,
062ds,Matt Turner,,,NOT,Nottingham Forest,NOT,110105,G,G,704,704,704,5,,819,M. Turner,matt-turner,https://fantraximg.com/assets/images/logos/sportsteam/epl/Nottingham_Forest.png,,819,W <small>(Thu)</small>,"Waiver Wire - Off Thu Jan 22, 9:00 AM PST",,ARS 0<br/>@NOT 0 F,ARS 0,False,@NOT 0 F,06c2b,0,0,0%,0%,
05xtq,Matthew Cox,,,BRF,Brentford,BRF,110237,G,G,704,704,704,5,,561,M. Cox,matthew-cox,https://fantraximg.com/assets/images/logos/sportsteam/epl/Brentford.png,,561,W <small>(Thu)</small>,"Waiver Wire - Off Thu Jan 22, 9:00 AM PST",,BRF 0<br/>@CHE 2 F,BRF 0,False,@CHE 2 F,06c29,0,0,0%,0%,
06p4k,Matthijs de Ligt,,,MUN,Manchester United,MUN,110090,D,D,703,703,703,5,,151,M. de Ligt,matthijs-de-ligt,https://fantraximg.com/assets/images/logos/sportsteam/epl/Manchester_United.png,,151,W <small>(Thu)</small>,"Waiver Wire - Off Thu Jan 22, 9:00 AM PST",,MCI 0<br/>@MUN 2 F,MCI 0,False,@MUN 2 F,06c2a,121.5,9.35,44%,-3%,-1.0
05o4b,Matty Cash,,,AVL,Aston Villa,AVL,110011,D,D,703,703,703,,,46,M. Cash,matty-cash,https://fantraximg.com/assets/images/logos/sportsteam/epl/Aston_Villa.png,2,46,plist,1 - Baby Jesus (plisterud),4kktj7fqmc719rep,EVE<br/>Sun 8:30AM,EVE,False,Sun 8:30AM,06c27,192.75,9.64,84%,+2%,1.0
04f6h,Matz Sels,,,NOT,Nottingham Forest,NOT,110105,G,G,704,704,704,5,,152,M. Sels,matz-sels,https://fantraximg.com/assets/images/logos/sportsteam/epl/Nottingham_Forest.png,,152,W <small>(Thu)</small>,"Waiver Wire - Off Thu Jan 22, 9:00 AM PST",,ARS 0<br/>@NOT 0 F,ARS 0,False,@NOT 0 F,06c2b,119.75,6.65,36%,-3%,-1.0
067x6,Max Alleyne,,,MCI,Manchester City,MCI,110080,D,D,703,703,703,5,,392,M. Alleyne,max-alleyne,https://fantraximg.com/assets/images/logos/sportsteam/epl/Manchester_City.png,,392,W <small>(Thu)</small>,"Waiver Wire - Off Thu Jan 22, 9:00 AM PST",,MCI 0<br/>@MUN 2 F,MCI 0,False,@MUN 2 F,06c2a,17.5,8.75,25%,+24%,1.0
06zbp,Max Dowman,,,ARS,Arsenal,ARS,110000,M,M,702,702,702,5,,414,M. Dowman,max-dowman,https://fantraximg.com/assets/images/logos/sportsteam/epl/Arsenal.png,,414,W <small>(Thu)</small>,"Waiver Wire - Off Thu Jan 22, 9:00 AM PST",,ARS 0<br/>@NOT 0 F,ARS 0,False,@NOT 0 F,06c2b,10,5,2%,0%,
04yey,Max Kilman,,,WHU,West Ham United,WHU,110175,D,D,703,703,703,5,,219,M. Kilman,max-kilman,https://fantraximg.com/assets/images/logos/sportsteam/epl/West_Ham_United.png,,219,W <small>(Thu)</small>,"Waiver Wire - Off Thu Jan 22, 9:00 AM PST",,WHU 2<br/>@TOT 1 F,WHU 2,False,@TOT 1 F,06c2d,84.5,4.45,23%,-1%,-1.0
06jfh,Max Merrick,,,CHE,Chelsea,CHE,110040,G,G,704,704,704,5,,698,M. Merrick,max-merrick,https://fantraximg.com/assets/images/logos/sportsteam/epl/Chelsea.png,,698,W <small>(Thu)</small>,"Waiver Wire - Off Thu Jan 22, 9:00 AM PST",,BRF 0<br/>@CHE 2 F,BRF 0,False,@CHE 2 F,06c29,0,0,0%,0%,
06zeg,Max Thompson,,,NEW,Newcastle United,NEW,110101,G,G,704,704,704,4,,813,M. Thompson,max-thompson,https://fantraximg.com/assets/images/logos/sportsteam/epl/Newcastle_United.png,,813,FA,Free Agent,,@WOL<br/>Sun 6:00AM,WOL,True,Sun 6:00AM,06c2e,0,0,0%,0%,
06v6m,Max Weiß,,,BUR,Burnley,BUR,110223,G,G,704,704,704,5,,830,M. Weiß,max-weiss,https://fantraximg.com/assets/images/logos/sportsteam/epl/Burnley_3.png,,830,W <small>(Thu)</small>,"Waiver Wire - Off Thu Jan 22, 9:00 AM PST",,BUR 1<br/>@LIV 1 F,BUR 1,False,@LIV 1 F,06c7a,0,0,0%,0%,
06pia,Maxence Lacroix,,,CRY,Crystal Palace,CRY,110045,D,D,703,703,703,,,25,M. Lacroix,maxence-lacroix,https://fantraximg.com/assets/images/logos/sportsteam/epl/Crystal_Palace.png,,25,ideso,1 - Cucu Diddler Rella (idesofmarz),e1zcwbwfmc719rep,CRY 1<br/>@SUN 2 F,CRY 1,False,@SUN 2 F,06c2c,213,9.68,96%,+1%,1.0
06y9m,Maxim De Cuyper,,,BHA,Brighton,BHA,110240,D,D,703,703,703,4,,174,M. De Cuyper,maxim-de-cuyper,https://fantraximg.com/assets/images/logos/sportsteam/epl/Brighton_and_Hove_Albion.png,,174,FA,Free Agent,,BOU<br/>Mon 12:00PM,BOU,False,Mon 12:00PM,06c28,108.5,6.03,38%,-3%,-1.0
06jgr,Maxime Esteve,,,BUR,Burnley,BUR,110223,D,D,703,703,703,5,,179,M. Esteve,maxime-esteve,https://fantraximg.com/assets/images/logos/sportsteam/epl/Burnley_3.png,,179,W <small>(Thu)</small>,"Waiver Wire - Off Thu Jan 22, 9:00 AM PST",,BUR 1<br/>@LIV 1 F,BUR 1,False,@LIV 1 F,06c7a,105.75,5.57,9%,0%,
070hi,Merlin Röhl,,,EVE,Everton,EVE,110050,M,M,702,702,702,4,,380,M. Röhl,merlin-rohl,https://fantraximg.com/assets/images/logos/sportsteam/epl/Everton.png,2,380,FA,Free Agent,,@AVL<br/>Sun 8:30AM,AVL,True,Sun 8:30AM,06c27,23,2.56,0%,0%,
0689t,Michael Dacosta Gonzalez,,,BOU,Bournemouth,BOU,110034,F,F,701,701,701,4,,565,M. Dacosta Gonzalez,michael-dacosta-gonzalez,https://fantraximg.com/assets/images/logos/sportsteam/epl/Bournemouth.png,,565,FA,Free Agent,,@BHA<br/>Mon 12:00PM,BHA,True,Mon 12:00PM,06c28,0,0,0%,0%,
06rgg,Michael Kayode,,,BRF,Brentford,BRF,110237,D,D,703,703,703,,,41,M. Kayode,michael-kayode,https://fantraximg.com/assets/images/logos/sportsteam/epl/Brentford.png,,41,aokel,1 - Danny Carve a Hole (aokelly94),3soymulymc719reo,BRF 0<br/>@CHE 2 F,BRF 0,False,@CHE 2 F,06c29,195.5,8.89,86%,+1%,1.0
0327r,Michael Keane,,,EVE,Everton,EVE,110050,D,D,703,703,703,,,36,M. Keane,michael-keane,https://fantraximg.com/assets/images/logos/sportsteam/epl/Everton.png,,36,ramgo,1 - Troy McClure's Fish Fetish (ramgorn),xwd21t85mc719rep,@AVL<br/>Sun 8:30AM,AVL,True,Sun 8:30AM,06c27,202.75,10.67,71%,-7%,-1.0
06zrs,Michael Laffey,,,LIV,Liverpool,LIV,110070,M,M,702,702,702,5,,671,M. Laffey,michael-laffey,https://fantraximg.com/assets/images/logos/sportsteam/epl/Liverpool.png,,671,W <small>(Thu)</small>,"Waiver Wire - Off Thu Jan 22, 9:00 AM PST",,BUR 1<br/>@LIV 1 F,BUR 1,False,@LIV 1 F,06c7a,0,0,0%,0%,
04mmx,Michael Obafemi,,,BUR,Burnley,BUR,110223,F,F,701,701,701,5,,727,M. Obafemi,michael-obafemi,https://fantraximg.com/assets/images/logos/sportsteam/epl/Burnley_3.png,,727,W <small>(Thu)</small>,"Waiver Wire - Off Thu Jan 22, 9:00 AM PST",,BUR 1<br/>@LIV 1 F,BUR 1,False,@LIV 1 F,06c7a,0,0,0%,0%,
03vll,Michail Antonio,,,WHU,West Ham United,WHU,110175,F,F,701,701,701,5,,494,M. Antonio,michail-antonio,https://fantraximg.com/assets/images/logos/sportsteam/epl/West_Ham_United.png,,494,W <small>(Thu)</small>,"Waiver Wire - Off Thu Jan 22, 9:00 AM PST",,WHU 2<br/>@TOT 1 F,WHU 2,False,@TOT 1 F,06c2d,0,0,0%,0%,
06ezb,Micky van de Ven,,,TOT,Tottenham Hotspur,TOT,110160,D,D,703,703,703,,,90,M. van de Ven,micky-van-de-ven,https://fantraximg.com/assets/images/logos/sportsteam/epl/Tottenham_Hotspur.png,,90,aokel,1 - Danny Carve a Hole (aokelly94),3soymulymc719reo,WHU 2<br/>@TOT 1 F,WHU 2,False,@TOT 1 F,06c2d,156,7.43,88%,+2%,1.0
06uzt,Mike Penders,,,CHE,Chelsea,CHE,110040,G,G,704,704,704,5,,747,M. Penders,mike-penders,https://fantraximg.com/assets/images/logos/sportsteam/epl/Chelsea.png,,747,W <small>(Thu)</small>,"Waiver Wire - Off Thu Jan 22, 9:00 AM PST",,BRF 0<br/>@CHE 2 F,BRF 0,False,@CHE 2 F,06c29,0,0,0%,0%,
06fy5,Mike Tresor,,,BUR,Burnley,BUR,110223,F,F,701,701,701,5,,859,M. Tresor,mike-tresor,https://fantraximg.com/assets/images/logos/sportsteam/epl/Burnley_3.png,,859,W <small>(Thu)</small>,"Waiver Wire - Off Thu Jan 22, 9:00 AM PST",,BUR 1<br/>@LIV 1 F,BUR 1,False,@LIV 1 F,06c7a,-0.5,-0.12,0%,0%,
04hk9,Mikel Merino,,,ARS,Arsenal,ARS,110000,M,M,702,702,702,5,,155,M. Merino,mikel-merino,https://fantraximg.com/assets/images/logos/sportsteam/epl/Arsenal.png,,155,W <small>(Thu)</small>,"Waiver Wire - Off Thu Jan 22, 9:00 AM PST",,ARS 0<br/>@NOT 0 F,ARS 0,False,@NOT 0 F,06c2b,118.75,5.94,47%,-7%,-1.0
06lox,Mikey Moore,,,TOT,Tottenham Hotspur,TOT,110160,F,F,701,701,701,5,,704,M. Moore,mikey-moore,https://fantraximg.com/assets/images/logos/sportsteam/epl/Tottenham_Hotspur.png,,704,W <small>(Thu)</small>,"Waiver Wire - Off Thu Jan 22, 9:00 AM PST",,WHU 2<br/>@TOT 1 F,WHU 2,False,@TOT 1 F,06c2d,0,0,1%,0%,
063q8,Mikkel Damsgaard,,,BRF,Brentford,BRF,110237,M,M,702,702,702,,,99,M. Damsgaard,mikkel-damsgaard,https://fantraximg.com/assets/images/logos/sportsteam/epl/Brentford.png,,99,DFFC,1 - Darth Fernandes FC (jacobnorman14),ew8egddsmc719rep,BRF 0<br/>@CHE 2 F,BRF 0,False,@CHE 2 F,06c29,151.25,7.96,85%,-1%,-1.0
06v0v,Milan Aleksic,,,SUN,Sunderland,SUN,110141,F,F,701,701,701,5,,486,M. Aleksic,milan-aleksic,https://fantraximg.com/assets/images/logos/sportsteam/epl/Sunderland.png,,486,W <small>(Thu)</small>,"Waiver Wire - Off Thu Jan 22, 9:00 AM PST",,CRY 1<br/>@SUN 2 F,CRY 1,False,@SUN 2 F,06c2c,0,0,0%,0%,
06do9,Milos Kerkez,,,LIV,Liverpool,LIV,110070,D,D,703,703,703,,,107,M. Kerkez,milos-kerkez,https://fantraximg.com/assets/images/logos/sportsteam/epl/Liverpool.png,,107,zach0,1 - Start Dowman (zach082826),5kp58voomc719rep,BUR 1<br/>@LIV 1 F,BUR 1,False,@LIV 1 F,06c7a,147.25,7.01,91%,+10%,1.0
06r5d,Min-Hyeok Yang,,,TOT,Tottenham Hotspur,TOT,110160,F,F,701,701,701,5,,849,M. Yang,min-hyeok-yang,https://fantraximg.com/assets/images/logos/sportsteam/epl/Tottenham_Hotspur.png,,849,W <small>(Thu)</small>,"Waiver Wire - Off Thu Jan 22, 9:00 AM PST",,WHU 2<br/>@TOT 1 F,WHU 2,False,@TOT 1 F,06c2d,0,0,0%,0%,
06nva,Mofe Jemide,,,CRY,Crystal Palace,CRY,110045,D,D,703,703,703,5,,648,M. Jemide,mofe-jemide,https://fantraximg.com/assets/images/logos/sportsteam/epl/Crystal_Palace.png,,648,W <small>(Thu)</small>,"Waiver Wire - Off Thu Jan 22, 9:00 AM PST",,CRY 1<br/>@SUN 2 F,CRY 1,False,@SUN 2 F,06c2c,0,0,0%,0%,
06pez,Mohamadou Kanté,,,WHU,West Ham United,WHU,110175,M,M,702,702,702,5,,446,M. Kanté,mohamadou-kante,https://fantraximg.com/assets/images/logos/sportsteam/epl/West_Ham_United.png,,446,W <small>(Thu)</small>,"Waiver Wire - Off Thu Jan 22, 9:00 AM PST",,WHU 2<br/>@TOT 1 F,WHU 2,False,@TOT 1 F,06c2d,3,1,0%,0%,
03aqp,Mohamed Salah,,,LIV,Liverpool,LIV,110070,F,F,701,701,701,,,93,Mohamed Salah,mohamed-salah-ghaly,https://fantraximg.com/assets/images/logos/sportsteam/epl/Liverpool.png,,93,zach0,1 - Start Dowman (zach082826),5kp58voomc719rep,BUR 1<br/>@LIV 1 F,BUR 1,False,@LIV 1 F,06c7a,153.75,10.98,99%,+1%,1.0
06fv8,Mohammed Kudus,,,TOT,Tottenham Hotspur,TOT,110160,M,M,702,702,702,,,52,M. Kudus,mohammed-kudus,https://fantraximg.com/assets/images/logos/sportsteam/epl/Tottenham_Hotspur.png,,52,plist,1 - Baby Jesus (plisterud),4kktj7fqmc719rep,WHU 2<br/>@TOT 1 F,WHU 2,False,@TOT 1 F,06c2d,192,10.11,81%,-17%,-1.0
05rb8,Moises Caicedo,,,CHE,Chelsea,CHE,110040,M,M,702,702,702,,,112,M. Caicedo,moises-caicedo,https://fantraximg.com/assets/images/logos/sportsteam/epl/Chelsea.png,,112,aokel,1 - Danny Carve a Hole (aokelly94),3soymulymc719reo,BRF 0<br/>@CHE 2 F,BRF 0,False,@CHE 2 F,06c29,143.75,8.46,95%,+1%,1.0
06pig,Morato,,,NOT,Nottingham Forest,NOT,110105,D,D,703,703,703,5,,361,Morato,felipe-rodrigues-da-silva,https://fantraximg.com/assets/images/logos/sportsteam/epl/Nottingham_Forest.png,,361,W <small>(Thu)</small>,"Waiver Wire - Off Thu Jan 22, 9:00 AM PST",,ARS 0<br/>@NOT 0 F,ARS 0,False,@NOT 0 F,06c2b,30.25,3.02,0%,0%,
04qr9,Morgan Gibbs-White,,,NOT,Nottingham Forest,NOT,110105,M,M,702,702,702,,,71,M. Gibbs-White,morgan-gibbs-white,https://fantraximg.com/assets/images/logos/sportsteam/epl/Nottingham_Forest.png,,71,ideso,1 - Cucu Diddler Rella (idesofmarz),e1zcwbwfmc719rep,ARS 0<br/>@NOT 0 F,ARS 0,False,@NOT 0 F,06c2b,177.5,8.07,99%,0%,
05uht,Morgan Rogers,,,AVL,Aston Villa,AVL,110011,M,M,701,702,702,,,35,M. Rogers,morgan-rogers,https://fantraximg.com/assets/images/logos/sportsteam/epl/Aston_Villa.png,2,35,ramgo,1 - Troy McClure's Fish Fetish (ramgorn),xwd21t85mc719rep,EVE<br/>Sun 8:30AM,EVE,False,Sun 8:30AM,06c27,203.5,9.69,100%,0%,
06fwz,Murillo,,,NOT,Nottingham Forest,NOT,110105,D,D,703,703,703,5,,144,Murillo,murillo-santiago-costa-dos-santos,https://fantraximg.com/assets/images/logos/sportsteam/epl/Nottingham_Forest.png,,144,W <small>(Thu)</small>,"Waiver Wire - Off Thu Jan 22, 9:00 AM PST",,ARS 0<br/>@NOT 0 F,ARS 0,False,@NOT 0 F,06c2b,123.5,7.72,51%,-3%,-1.0
071xc,Murray Campbell,,,BUR,Burnley,BUR,110223,D,D,703,703,703,5,,541,M. Campbell,murray-campbell,https://fantraximg.com/assets/images/logos/sportsteam/epl/Burnley_3.png,,541,W <small>(Thu)</small>,"Waiver Wire - Off Thu Jan 22, 9:00 AM PST",,BUR 1<br/>@LIV 1 F,BUR 1,False,@LIV 1 F,06c7a,0,0,0%,0%,
068a1,Mykhailo Mudryk,,,CHE,Chelsea,CHE,110040,M,M,702,702,702,5,,711,M. Mudryk,mykhailo-mudryk,https://fantraximg.com/assets/images/logos/sportsteam/epl/Chelsea.png,,711,W <small>(Thu)</small>,"Waiver Wire - Off Thu Jan 22, 9:00 AM PST",,BRF 0<br/>@CHE 2 F,BRF 0,False,@CHE 2 F,06c29,0,0,0%,0%,
066sd,Myles Lewis-Skelly,,,ARS,Arsenal,ARS,110000,D,D,703,703,703,5,,413,M. Lewis-Skelly,myles-lewis-skelly,https://fantraximg.com/assets/images/logos/sportsteam/epl/Arsenal.png,,413,W <small>(Thu)</small>,"Waiver Wire - Off Thu Jan 22, 9:00 AM PST",,ARS 0<br/>@NOT 0 F,ARS 0,False,@NOT 0 F,06c2b,11,0.79,28%,+1%,1.0
05nuf,Myles Peart-Harris,,,BRF,Brentford,BRF,110237,M,M,702,702,702,5,,745,M. Peart-Harris,myles-peart-harris,https://fantraximg.com/assets/images/logos/sportsteam/epl/Brentford.png,,745,W <small>(Thu)</small>,"Waiver Wire - Off Thu Jan 22, 9:00 AM PST",,BRF 0<br/>@CHE 2 F,BRF 0,False,@CHE 2 F,06c29,0,0,0%,0%,
068ys,Naouirou Ahamada,,,CRY,Crystal Palace,CRY,110045,M,M,702,702,702,5,,481,N. Ahamada,naouirou-ahamada,https://fantraximg.com/assets/images/logos/sportsteam/epl/Crystal_Palace.png,,481,W <small>(Thu)</small>,"Waiver Wire - Off Thu Jan 22, 9:00 AM PST",,CRY 1<br/>@SUN 2 F,CRY 1,False,@SUN 2 F,06c2c,0,0,0%,0%,
02y6o,Nathan Ake,,,MCI,Manchester City,MCI,110080,D,D,703,703,703,5,,317,N. Ake,nathan-ake,https://fantraximg.com/assets/images/logos/sportsteam/epl/Manchester_City.png,,317,W <small>(Thu)</small>,"Waiver Wire - Off Thu Jan 22, 9:00 AM PST",,MCI 0<br/>@MUN 2 F,MCI 0,False,@MUN 2 F,06c2a,44.5,3.71,24%,+1%,1.0
05u1m,Nathan Collins,,,BRF,Brentford,BRF,110237,D,D,703,703,703,,,29,N. Collins,nathan-collins,https://fantraximg.com/assets/images/logos/sportsteam/epl/Brentford.png,,29,josht,1 - Dark Arts FC (joshtradamus),h61uavhqmc719rep,BRF 0<br/>@CHE 2 F,BRF 0,False,@CHE 2 F,06c29,210.25,9.56,91%,+6%,1.0
05yct,Nathan Patterson,,,EVE,Everton,EVE,110050,D,D,703,703,703,4,,403,N. Patterson,nathan-patterson,https://fantraximg.com/assets/images/logos/sportsteam/epl/Everton.png,2,403,FA,Free Agent,,@AVL<br/>Sun 8:30AM,AVL,True,Sun 8:30AM,06c27,14.75,4.92,1%,0%,
02t1k,Nathaniel Clyne,,,CRY,Crystal Palace,CRY,110045,D,D,703,703,703,5,,363,N. Clyne,nathaniel-clyne,https://fantraximg.com/assets/images/logos/sportsteam/epl/Crystal_Palace.png,,363,W <small>(Thu)</small>,"Waiver Wire - Off Thu Jan 22, 9:00 AM PST",,CRY 1<br/>@SUN 2 F,CRY 1,False,@SUN 2 F,06c2c,29.25,4.18,1%,-1%,-1.0
0620k,Nayef Aguerd,,,WHU,West Ham United,WHU,110175,D,D,703,703,703,5,,860,N. Aguerd,nayef-aguerd,https://fantraximg.com/assets/images/logos/sportsteam/epl/West_Ham_United.png,,860,W <small>(Thu)</small>,"Waiver Wire - Off Thu Jan 22, 9:00 AM PST",,WHU 2<br/>@TOT 1 F,WHU 2,False,@TOT 1 F,06c2d,-1.25,-0.62,0%,0%,
06xzq,Nazariy Rusyn,,,SUN,Sunderland,SUN,110141,F,F,701,701,701,5,,779,N. Rusyn,nazariy-rusyn,https://fantraximg.com/assets/images/logos/sportsteam/epl/Sunderland.png,,779,W <small>(Thu)</small>,"Waiver Wire - Off Thu Jan 22, 9:00 AM PST",,CRY 1<br/>@SUN 2 F,CRY 1,False,@SUN 2 F,06c2c,0,0,0%,0%,
05a6e,Neco Williams,,,NOT,Nottingham Forest,NOT,110105,D,D,703,703,703,,,33,N. Williams,neco-williams,https://fantraximg.com/assets/images/logos/sportsteam/epl/Nottingham_Forest.png,,33,hogan_m,"1 - Yoro wizard, Harry! (hogan_m)",3uxxpgpemc719rep,ARS 0<br/>@NOT 0 F,ARS 0,False,@NOT 0 F,06c2b,206.25,9.38,92%,-1%,-1.0
06xzl,Nectarios Triantis,,,SUN,Sunderland,SUN,110141,D,D,703,703,703,5,,817,N. Triantis,nectarios-triantis,https://fantraximg.com/assets/images/logos/sportsteam/epl/Sunderland.png,,817,W <small>(Thu)</small>,"Waiver Wire - Off Thu Jan 22, 9:00 AM PST",,CRY 1<br/>@SUN 2 F,CRY 1,False,@SUN 2 F,06c2c,0,0,0%,0%,
072at,Nehemiah Oriola,,,BHA,Brighton,BHA,110240,F,F,701,701,701,4,,737,N. Oriola,nehemiah-oriola,https://fantraximg.com/assets/images/logos/sportsteam/epl/Brighton_and_Hove_Albion.png,,737,FA,Free Agent,,BOU<br/>Mon 12:00PM,BOU,False,Mon 12:00PM,06c28,0,0,0%,0%,
05ojg,Nelson Semedo,,,WOL,Wolverhampton,WOL,110191,D,D,703,703,703,4,,538,Nelson Semedo,nelson-cabral-semedo,https://fantraximg.com/assets/images/logos/sportsteam/epl/Wolverhampton_Wanderers.png,,538,FA,Free Agent,,NEW<br/>Sun 6:00AM,NEW,False,Sun 6:00AM,06c2e,0,0,1%,0%,
063e3,Neto,,,BOU,Bournemouth,BOU,110034,G,G,704,704,704,4,,714,Neto,norberto-murara-neto,https://fantraximg.com/assets/images/logos/sportsteam/epl/Bournemouth.png,,714,FA,Free Agent,,@BHA<br/>Mon 12:00PM,BHA,True,Mon 12:00PM,06c28,0,0,1%,0%,
05r2t,Niall Huggins,,,SUN,Sunderland,SUN,110141,F,F,703,701,701,5,,644,N. Huggins,niall-huggins,https://fantraximg.com/assets/images/logos/sportsteam/epl/Sunderland.png,,644,W <small>(Thu)</small>,"Waiver Wire - Off Thu Jan 22, 9:00 AM PST",,CRY 1<br/>@SUN 2 F,CRY 1,False,@SUN 2 F,06c2c,0,0,0%,0%,
044ei,Nick Pope,,,NEW,Newcastle United,NEW,110101,G,G,704,704,704,,,91,N. Pope,nick-pope,https://fantraximg.com/assets/images/logos/sportsteam/epl/Newcastle_United.png,2,91,scout,1 - scout skegghorst (trouttreghorst),0cyx6ukymc719rep,@WOL<br/>Sun 6:00AM,WOL,True,Sun 6:00AM,06c2e,155,10.33,92%,+2%,1.0
070g7,Nick Woltemade,,,NEW,Newcastle United,NEW,110101,F,F,701,701,701,,,108,N. Woltemade,nick-woltemade,https://fantraximg.com/assets/images/logos/sportsteam/epl/Newcastle_United.png,2,108,josht,1 - Dark Arts FC (joshtradamus),h61uavhqmc719rep,@WOL<br/>Sun 6:00AM,WOL,True,Sun 6:00AM,06c2e,146,8.11,83%,+1%,1.0
06o2t,Niclas Füllkrug,,,WHU,West Ham United,WHU,110175,F,F,701,701,701,5,,358,N. Füllkrug,niclas-fullkrug,https://fantraximg.com/assets/images/logos/sportsteam/epl/West_Ham_United.png,,358,W <small>(Thu)</small>,"Waiver Wire - Off Thu Jan 22, 9:00 AM PST",,WHU 2<br/>@TOT 1 F,WHU 2,False,@TOT 1 F,06c2d,31,3.88,15%,-1%,-1.0
06rm7,Nico González,,,MCI,Manchester City,MCI,110080,M,M,702,702,702,5,,176,N. González,nico-gonzalez,https://fantraximg.com/assets/images/logos/sportsteam/epl/Manchester_City.png,,176,W <small>(Thu)</small>,"Waiver Wire - Off Thu Jan 22, 9:00 AM PST",,MCI 0<br/>@MUN 2 F,MCI 0,False,@MUN 2 F,06c2a,107,5.63,23%,-4%,-1.0
067x8,Nico O'Reilly,,,MCI,Manchester City,MCI,110080,M,M,702,702,702,5,,109,N. O'Reilly,nico-oreilly,https://fantraximg.com/assets/images/logos/sportsteam/epl/Manchester_City.png,,109,W <small>(Thu)</small>,"Waiver Wire - Off Thu Jan 22, 9:00 AM PST",,MCI 0<br/>@MUN 2 F,MCI 0,False,@MUN 2 F,06c2a,144.5,6.88,63%,-5%,-1.0
06fy7,Nicolas Dominguez,,,NOT,Nottingham Forest,NOT,110105,M,M,702,702,702,5,,291,N. Dominguez,nicolas-dominguez,https://fantraximg.com/assets/images/logos/sportsteam/epl/Nottingham_Forest.png,,291,W <small>(Thu)</small>,"Waiver Wire - Off Thu Jan 22, 9:00 AM PST",,ARS 0<br/>@NOT 0 F,ARS 0,False,@NOT 0 F,06c2b,56.5,4.35,1%,0%,
070g8,Nicolo Savona,,,NOT,Nottingham Forest,NOT,110105,D,D,703,703,703,5,,226,N. Savona,nicolo-savona,https://fantraximg.com/assets/images/logos/sportsteam/epl/Nottingham_Forest.png,,226,W <small>(Thu)</small>,"Waiver Wire - Off Thu Jan 22, 9:00 AM PST",,ARS 0<br/>@NOT 0 F,ARS 0,False,@NOT 0 F,06c2b,82.25,5.88,3%,-2%,-1.0
06mw0,Nikola Milenkovic,,,NOT,Nottingham Forest,NOT,110105,D,D,703,703,703,5,,156,N. Milenkovic,nikola-milenkovic,https://fantraximg.com/assets/images/logos/sportsteam/epl/Nottingham_Forest.png,,156,W <small>(Thu)</small>,"Waiver Wire - Off Thu Jan 22, 9:00 AM PST",,ARS 0<br/>@NOT 0 F,ARS 0,False,@NOT 0 F,06c2b,118.75,5.4,44%,-5%,-1.0
072cd,Nils Ramming,,,BHA,Brighton,BHA,110240,G,G,704,704,704,4,,760,N. Ramming,nils-ramming,https://fantraximg.com/assets/images/logos/sportsteam/epl/Brighton_and_Hove_Albion.png,,760,FA,Free Agent,,BOU<br/>Mon 12:00PM,BOU,False,Mon 12:00PM,06c28,0,0,0%,0%,
070cj,Noah Okafor,,,LEE,Leeds United,LEE,110261,F,F,701,701,701,5,,154,N. Okafor,noah-okafor,https://fantraximg.com/assets/images/logos/sportsteam/epl/Leeds_United2.png,,154,W <small>(Thu)</small>,"Waiver Wire - Off Thu Jan 22, 9:00 AM PST",,FUL 0<br/>@LEE 1 F,FUL 0,False,@LEE 1 F,06c79,119,6.26,31%,+1%,1.0
06y59,Noah Sadiki,,,SUN,Sunderland,SUN,110141,M,M,702,702,702,5,,222,N. Sadiki,noah-sadiki,https://fantraximg.com/assets/images/logos/sportsteam/epl/Sunderland.png,,222,W <small>(Thu)</small>,"Waiver Wire - Off Thu Jan 22, 9:00 AM PST",,CRY 1<br/>@SUN 2 F,CRY 1,False,@SUN 2 F,06c2c,83.75,4.93,4%,+1%,1.0
068n8,Noni Madueke,,,ARS,Arsenal,ARS,110000,M,M,701,702,702,,,276,N. Madueke,noni-madueke,https://fantraximg.com/assets/images/logos/sportsteam/epl/Arsenal.png,,276,ideso,1 - Cucu Diddler Rella (idesofmarz),e1zcwbwfmc719rep,ARS 0<br/>@NOT 0 F,ARS 0,False,@NOT 0 F,06c2b,62.25,4.79,71%,+3%,1.0
0703c,Nordi Mukiele,,,SUN,Sunderland,SUN,110141,D,D,703,703,703,,,11,N. Mukiele,nordi-mukiele,https://fantraximg.com/assets/images/logos/sportsteam/epl/Sunderland.png,,11,kinge,1 - Boomsakalaka (kingeric7.),4w3svguhmc719rep,CRY 1<br/>@SUN 2 F,CRY 1,False,@SUN 2 F,06c2c,239,11.95,82%,+1%,1.0
06p4j,Noussair Mazraoui,,,MUN,Manchester United,MUN,110090,D,D,703,703,703,5,,320,N. Mazraoui,noussair-mazraoui,https://fantraximg.com/assets/images/logos/sportsteam/epl/Manchester_United.png,,320,W <small>(Thu)</small>,"Waiver Wire - Off Thu Jan 22, 9:00 AM PST",,MCI 0<br/>@MUN 2 F,MCI 0,False,@MUN 2 F,06c2a,43,4.78,22%,0%,
05w9q,Odsonne Edouard,,,CRY,Crystal Palace,CRY,110045,F,F,701,701,701,5,,465,O. Edouard,odsonne-edouard,https://fantraximg.com/assets/images/logos/sportsteam/epl/Crystal_Palace.png,,465,W <small>(Thu)</small>,"Waiver Wire - Off Thu Jan 22, 9:00 AM PST",,CRY 1<br/>@SUN 2 F,CRY 1,False,@SUN 2 F,06c2c,1,1,0%,0%,
06fxg,Odysseas Vlachodimos,,,NEW,Newcastle United,NEW,110101,G,G,704,704,704,4,,826,O. Vlachodimos,odysseas-vlachodimos,https://fantraximg.com/assets/images/logos/sportsteam/epl/Newcastle_United.png,,826,FA,Free Agent,,@WOL<br/>Sun 6:00AM,WOL,True,Sun 6:00AM,06c2e,0,0,0%,0%,
03frx,Ola Aina,,,NOT,Nottingham Forest,NOT,110105,D,D,703,703,703,5,,348,O. Aina,ola-aina,https://fantraximg.com/assets/images/logos/sportsteam/epl/Nottingham_Forest.png,,348,W <small>(Thu)</small>,"Waiver Wire - Off Thu Jan 22, 9:00 AM PST",,ARS 0<br/>@NOT 0 F,ARS 0,False,@NOT 0 F,06c2b,35,5.83,27%,-2%,-1.0
043c1,Oleksandr Zinchenko,,,NOT,Nottingham Forest,NOT,110105,D,D,703,703,703,5,,368,O. Zinchenko,oleksandr-zinchenko,https://fantraximg.com/assets/images/logos/sportsteam/epl/Nottingham_Forest.png,,368,W <small>(Thu)</small>,"Waiver Wire - Off Thu Jan 22, 9:00 AM PST",,ARS 0<br/>@NOT 0 F,ARS 0,False,@NOT 0 F,06c2b,27.25,5.45,3%,-1%,-1.0
06zca,Oliver Irow,,,TOT,Tottenham Hotspur,TOT,110160,F,F,701,701,701,5,,647,O. Irow,oliver-irow,https://fantraximg.com/assets/images/logos/sportsteam/epl/Tottenham_Hotspur.png,,647,W <small>(Thu)</small>,"Waiver Wire - Off Thu Jan 22, 9:00 AM PST",,WHU 2<br/>@TOT 1 F,WHU 2,False,@TOT 1 F,06c2d,0,0,0%,0%,
070en,Oliver Pimlott,,,BUR,Burnley,BUR,110223,F,F,702,701,701,5,,750,O. Pimlott,oliver-pimlott,https://fantraximg.com/assets/images/logos/sportsteam/epl/Burnley_3.png,,750,W <small>(Thu)</small>,"Waiver Wire - Off Thu Jan 22, 9:00 AM PST",,BUR 1<br/>@LIV 1 F,BUR 1,False,@LIV 1 F,06c7a,0,0,0%,0%,
06635,Oliver Scarles,,,WHU,West Ham United,WHU,110175,D,D,703,703,703,5,,334,O. Scarles,oliver-scarles,https://fantraximg.com/assets/images/logos/sportsteam/epl/West_Ham_United.png,,334,W <small>(Thu)</small>,"Waiver Wire - Off Thu Jan 22, 9:00 AM PST",,WHU 2<br/>@TOT 1 F,WHU 2,False,@TOT 1 F,06c2d,38.75,4.84,2%,0%,
06uzl,Oliver Sonne,,,BUR,Burnley,BUR,110223,D,D,703,703,703,5,,385,O. Sonne,oliver-sonne,https://fantraximg.com/assets/images/logos/sportsteam/epl/Burnley_3.png,,385,W <small>(Thu)</small>,"Waiver Wire - Off Thu Jan 22, 9:00 AM PST",,BUR 1<br/>@LIV 1 F,BUR 1,False,@LIV 1 F,06c7a,19.5,2.79,0%,0%,
06y26,Olivier Boscagli,,,BHA,Brighton,BHA,110240,D,D,703,703,703,4,,400,O. Boscagli,olivier-boscagli,https://fantraximg.com/assets/images/logos/sportsteam/epl/Brighton_and_Hove_Albion.png,,400,FA,Free Agent,,BOU<br/>Mon 12:00PM,BOU,False,Mon 12:00PM,06c28,15.5,5.17,1%,0%,
06kji,Ollie Harrison,,,CHE,Chelsea,CHE,110040,M,M,702,702,702,5,,625,O. Harrison,ollie-harrison,https://fantraximg.com/assets/images/logos/sportsteam/epl/Chelsea.png,,625,W <small>(Thu)</small>,"Waiver Wire - Off Thu Jan 22, 9:00 AM PST",,BRF 0<br/>@CHE 2 F,BRF 0,False,@CHE 2 F,06c29,0,0,0%,0%,
05ocl,Ollie Watkins,,,AVL,Aston Villa,AVL,110011,F,F,701,701,701,,,87,O. Watkins,ollie-watkins,https://fantraximg.com/assets/images/logos/sportsteam/epl/Aston_Villa.png,2,87,DFFC,1 - Darth Fernandes FC (jacobnorman14),ew8egddsmc719rep,EVE<br/>Sun 8:30AM,EVE,False,Sun 8:30AM,06c27,160.5,7.64,100%,0%,
06yb6,Oluwaseun Adewumi,,,BUR,Burnley,BUR,110223,M,M,702,702,702,5,,477,O. Adewumi,oluwaseun-adewumi,https://fantraximg.com/assets/images/logos/sportsteam/epl/Burnley_3.png,,477,W <small>(Thu)</small>,"Waiver Wire - Off Thu Jan 22, 9:00 AM PST",,BUR 1<br/>@LIV 1 F,BUR 1,False,@LIV 1 F,06c7a,0,0,0%,0%,
0700t,Omar Alderete,,,SUN,Sunderland,SUN,110141,D,D,703,703,703,,,70,O. Alderete,omar-alderete,https://fantraximg.com/assets/images/logos/sportsteam/epl/Sunderland.png,,70,zach0,1 - Start Dowman (zach082826),5kp58voomc719rep,CRY 1<br/>@SUN 2 F,CRY 1,False,@SUN 2 F,06c2c,176.25,9.79,73%,+1%,1.0
06rf9,Omar Marmoush,,,MCI,Manchester City,MCI,110080,F,F,701,701,701,,,372,Omar Marmoush,omar-khaled-mohamed-abd-elsala-marmoush,https://fantraximg.com/assets/images/logos/sportsteam/epl/Manchester_City.png,,372,DFFC,1 - Darth Fernandes FC (jacobnorman14),ew8egddsmc719rep,MCI 0<br/>@MUN 2 F,MCI 0,False,@MUN 2 F,06c2a,26.25,2.62,65%,+1%,1.0
062op,Omar Richards,,,NOT,Nottingham Forest,NOT,110105,D,D,703,703,703,5,,766,O. Richards,omar-richards,https://fantraximg.com/assets/images/logos/sportsteam/epl/Nottingham_Forest.png,,766,W <small>(Thu)</small>,"Waiver Wire - Off Thu Jan 22, 9:00 AM PST",,ARS 0<br/>@NOT 0 F,ARS 0,False,@NOT 0 F,06c2b,0,0,0%,0%,
05ubv,Omari Hutchinson,,,NOT,Nottingham Forest,NOT,110105,F,F,701,701,701,5,,130,O. Hutchinson,omari-hutchinson,https://fantraximg.com/assets/images/logos/sportsteam/epl/Nottingham_Forest.png,,130,W <small>(Thu)</small>,"Waiver Wire - Off Thu Jan 22, 9:00 AM PST",,ARS 0<br/>@NOT 0 F,ARS 0,False,@NOT 0 F,06c2b,129.25,7.6,48%,-17%,-1.0
06dpv,Omari Kellyman,,,CHE,Chelsea,CHE,110040,M,M,702,702,702,5,,657,O. Kellyman,omari-kellyman,https://fantraximg.com/assets/images/logos/sportsteam/epl/Chelsea.png,,657,W <small>(Thu)</small>,"Waiver Wire - Off Thu Jan 22, 9:00 AM PST",,BRF 0<br/>@CHE 2 F,BRF 0,False,@CHE 2 F,06c29,0,0,0%,0%,
05ye7,Oscar Bobb,,,MCI,Manchester City,MCI,110080,M,M,702,702,702,5,,306,O. Bobb,oscar-bobb,https://fantraximg.com/assets/images/logos/sportsteam/epl/Manchester_City.png,,306,W <small>(Thu)</small>,"Waiver Wire - Off Thu Jan 22, 9:00 AM PST",,MCI 0<br/>@MUN 2 F,MCI 0,False,@MUN 2 F,06c2a,49.5,5.5,12%,0%,
0643r,Owen Bevan,,,BOU,Bournemouth,BOU,110034,D,D,703,703,703,4,,518,O. Bevan,owen-bevan,https://fantraximg.com/assets/images/logos/sportsteam/epl/Bournemouth.png,,518,FA,Free Agent,,@BHA<br/>Mon 12:00PM,BHA,True,Mon 12:00PM,06c28,0,0,0%,0%,
05ux0,Owen Dodgson,,,BUR,Burnley,BUR,110223,D,D,703,703,703,5,,577,O. Dodgson,owen-dodgson,https://fantraximg.com/assets/images/logos/sportsteam/epl/Burnley_3.png,,577,W <small>(Thu)</small>,"Waiver Wire - Off Thu Jan 22, 9:00 AM PST",,BUR 1<br/>@LIV 1 F,BUR 1,False,@LIV 1 F,06c7a,0,0,0%,0%,
062pb,Owen Goodman,,,CRY,Crystal Palace,CRY,110045,G,G,704,704,704,5,,607,O. Goodman,owen-goodman,https://fantraximg.com/assets/images/logos/sportsteam/epl/Crystal_Palace.png,,607,W <small>(Thu)</small>,"Waiver Wire - Off Thu Jan 22, 9:00 AM PST",,CRY 1<br/>@SUN 2 F,CRY 1,False,@SUN 2 F,06c2c,0,0,0%,0%,
072j8,Pablo Felipe Pereira de Jesus,,,WHU,West Ham United,WHU,110175,F,F,701,701,701,5,,421,P. Pereira de Jesus,pablo-felipe-pereira-de-jesus,https://fantraximg.com/assets/images/logos/sportsteam/epl/West_Ham_United.png,,421,W <small>(Thu)</small>,"Waiver Wire - Off Thu Jan 22, 9:00 AM PST",,WHU 2<br/>@TOT 1 F,WHU 2,False,@TOT 1 F,06c2d,8,4,9%,+2%,1.0
05w7t,Pape Sarr,,,TOT,Tottenham Hotspur,TOT,110160,M,M,702,702,702,5,,220,P. Sarr,pape-sarr,https://fantraximg.com/assets/images/logos/sportsteam/epl/Tottenham_Hotspur.png,,220,W <small>(Thu)</small>,"Waiver Wire - Off Thu Jan 22, 9:00 AM PST",,WHU 2<br/>@TOT 1 F,WHU 2,False,@TOT 1 F,06c2d,84.25,6.02,18%,-1%,-1.0
04tsf,Paris Maghoma,,,BRF,Brentford,BRF,110237,M,M,702,702,702,5,,683,P. Maghoma,paris-maghoma,https://fantraximg.com/assets/images/logos/sportsteam/epl/Brentford.png,,683,W <small>(Thu)</small>,"Waiver Wire - Off Thu Jan 22, 9:00 AM PST",,BRF 0<br/>@CHE 2 F,BRF 0,False,@CHE 2 F,06c29,0,0,0%,0%,
04fk1,Pascal Gross,,,BHA,Brighton,BHA,110240,M,M,702,702,702,,,436,P. Gross,pascal-gross,https://fantraximg.com/assets/images/logos/sportsteam/epl/Brighton_and_Hove_Albion.png,2,436,hogan_m,"1 - Yoro wizard, Harry! (hogan_m)",3uxxpgpemc719rep,BOU<br/>Mon 12:00PM,BOU,False,Mon 12:00PM,06c28,5.5,2.75,48%,+9%,1.0
05mzz,Pascal Struijk,,,LEE,Leeds United,LEE,110261,D,D,703,703,703,,,101,P. Struijk,pascal-struijk,https://fantraximg.com/assets/images/logos/sportsteam/epl/Leeds_United2.png,,101,aokel,1 - Danny Carve a Hole (aokelly94),3soymulymc719reo,FUL 0<br/>@LEE 1 F,FUL 0,False,@LEE 1 F,06c79,149.75,7.49,38%,+6%,1.0
03ek4,Patrick Bamford,,,LEE,Leeds United,LEE,110261,F,F,701,701,701,5,,509,P. Bamford,patrick-bamford,https://fantraximg.com/assets/images/logos/sportsteam/epl/Leeds_United2.png,,509,W <small>(Thu)</small>,"Waiver Wire - Off Thu Jan 22, 9:00 AM PST",,FUL 0<br/>@LEE 1 F,FUL 0,False,@LEE 1 F,06c79,0,0,0%,0%,
06rlj,Patrick Dorgu,,,MUN,Manchester United,MUN,110090,D,D,703,703,703,,,31,P. Dorgu,patrick-dorgu,https://fantraximg.com/assets/images/logos/sportsteam/epl/Manchester_United.png,,31,josht,1 - Dark Arts FC (joshtradamus),h61uavhqmc719rep,MCI 0<br/>@MUN 2 F,MCI 0,False,@MUN 2 F,06c2a,206.75,9.85,89%,0%,
03brm,Patrick Roberts,,,SUN,Sunderland,SUN,110141,M,M,702,702,702,5,,467,P. Roberts,patrick-roberts,https://fantraximg.com/assets/images/logos/sportsteam/epl/Sunderland.png,,467,W <small>(Thu)</small>,"Waiver Wire - Off Thu Jan 22, 9:00 AM PST",,CRY 1<br/>@SUN 2 F,CRY 1,False,@SUN 2 F,06c2c,1,1,0%,0%,
06crm,Pau Torres,,,AVL,Aston Villa,AVL,110011,D,D,703,703,703,4,,255,P. Torres,pau-torres,https://fantraximg.com/assets/images/logos/sportsteam/epl/Aston_Villa.png,2,255,FA,Free Agent,,EVE<br/>Sun 8:30AM,EVE,False,Sun 8:30AM,06c27,69.5,5.79,8%,+2%,1.0
06mrz,Pedro Lima,,,WOL,Wolverhampton,WOL,110191,D,D,703,703,703,4,,543,Pedro Lima,pedro-henrique-cardoso-de-lima,https://fantraximg.com/assets/images/logos/sportsteam/epl/Wolverhampton_Wanderers.png,,543,FA,Free Agent,,NEW<br/>Sun 6:00AM,NEW,False,Sun 6:00AM,06c2e,0,0,1%,0%,
056iy,Pedro Neto,,,CHE,Chelsea,CHE,110040,F,F,701,701,701,,,26,Pedro Neto,pedro-lomba-neto,https://fantraximg.com/assets/images/logos/sportsteam/epl/Chelsea.png,,26,DFFC,1 - Darth Fernandes FC (jacobnorman14),ew8egddsmc719rep,BRF 0<br/>@CHE 2 F,BRF 0,False,@CHE 2 F,06c29,212.5,9.66,100%,0%,
05n07,Pedro Porro,,,TOT,Tottenham Hotspur,TOT,110160,D,D,703,703,703,,,24,P. Porro,pedro-porro,https://fantraximg.com/assets/images/logos/sportsteam/epl/Tottenham_Hotspur.png,,24,kinge,1 - Boomsakalaka (kingeric7.),4w3svguhmc719rep,WHU 2<br/>@TOT 1 F,WHU 2,False,@TOT 1 F,06c2d,213.25,9.69,100%,0%,
06zc4,Pele Arganese-McDermott,,,TOT,Tottenham Hotspur,TOT,110160,D,D,703,703,703,5,,496,P. Arganese-McDermott,pele-arganese-mcdermott,https://fantraximg.com/assets/images/logos/sportsteam/epl/Tottenham_Hotspur.png,,496,W <small>(Thu)</small>,"Waiver Wire - Off Thu Jan 22, 9:00 AM PST",,WHU 2<br/>@TOT 1 F,WHU 2,False,@TOT 1 F,06c2d,0,0,0%,0%,
04abb,Phil Foden,,,MCI,Manchester City,MCI,110080,M,M,702,702,702,,,19,P. Foden,phil-foden,https://fantraximg.com/assets/images/logos/sportsteam/epl/Manchester_City.png,,19,hogan_m,"1 - Yoro wizard, Harry! (hogan_m)",3uxxpgpemc719rep,MCI 0<br/>@MUN 2 F,MCI 0,False,@MUN 2 F,06c2a,217.25,10.86,100%,0%,
04f67,Philip Billing,,,BOU,Bournemouth,BOU,110034,M,M,702,702,702,4,,521,P. Billing,philip-billing,https://fantraximg.com/assets/images/logos/sportsteam/epl/Bournemouth.png,,521,FA,Free Agent,,@BHA<br/>Mon 12:00PM,BHA,True,Mon 12:00PM,06c28,0,0,0%,0%,
070hq,Piero Hincapié,,,ARS,Arsenal,ARS,110000,D,D,703,703,703,5,,243,P. Hincapié,piero-hincapie,https://fantraximg.com/assets/images/logos/sportsteam/epl/Arsenal.png,,243,W <small>(Thu)</small>,"Waiver Wire - Off Thu Jan 22, 9:00 AM PST",,ARS 0<br/>@NOT 0 F,ARS 0,False,@NOT 0 F,06c2b,74.5,6.21,28%,-19%,-1.0
05yf8,Pierre Ekwah,,,SUN,Sunderland,SUN,110141,M,M,702,702,702,5,,583,P. Ekwah,pierre-ekwah,https://fantraximg.com/assets/images/logos/sportsteam/epl/Sunderland.png,,583,W <small>(Thu)</small>,"Waiver Wire - Off Thu Jan 22, 9:00 AM PST",,CRY 1<br/>@SUN 2 F,CRY 1,False,@SUN 2 F,06c2c,0,0,0%,0%,
06zcd,Preston Fearon,,,WHU,West Ham United,WHU,110175,M,M,702,702,702,5,,589,P. Fearon,preston-fearon,https://fantraximg.com/assets/images/logos/sportsteam/epl/West_Ham_United.png,,589,W <small>(Thu)</small>,"Waiver Wire - Off Thu Jan 22, 9:00 AM PST",,WHU 2<br/>@TOT 1 F,WHU 2,False,@TOT 1 F,06c2d,0,0,0%,0%,
06v6n,Quilindschy Hartman,,,BUR,Burnley,BUR,110223,D,D,703,703,703,5,,147,Q. Hartman,quilindschy-hartman,https://fantraximg.com/assets/images/logos/sportsteam/epl/Burnley_3.png,,147,W <small>(Thu)</small>,"Waiver Wire - Off Thu Jan 22, 9:00 AM PST",,BUR 1<br/>@LIV 1 F,BUR 1,False,@LIV 1 F,06c7a,123.25,8.22,15%,-2%,-1.0
06ime,Radu Dragusin,,,TOT,Tottenham Hotspur,TOT,110160,D,D,703,703,703,5,,460,R. Dragusin,radu-dragusin,https://fantraximg.com/assets/images/logos/sportsteam/epl/Tottenham_Hotspur.png,,460,W <small>(Thu)</small>,"Waiver Wire - Off Thu Jan 22, 9:00 AM PST",,WHU 2<br/>@TOT 1 F,WHU 2,False,@TOT 1 F,06c2d,1.25,1.25,0%,0%,
02lkp,Raheem Sterling,,,CHE,Chelsea,CHE,110040,F,F,701,701,701,5,,806,R. Sterling,raheem-sterling,https://fantraximg.com/assets/images/logos/sportsteam/epl/Chelsea.png,,806,W <small>(Thu)</small>,"Waiver Wire - Off Thu Jan 22, 9:00 AM PST",,BRF 0<br/>@CHE 2 F,BRF 0,False,@CHE 2 F,06c29,0,0,1%,0%,
070hp,Randal Kolo Muani,,,TOT,Tottenham Hotspur,TOT,110160,F,F,701,701,701,5,,295,R. Kolo Muani,randal-kolo-muani,https://fantraximg.com/assets/images/logos/sportsteam/epl/Tottenham_Hotspur.png,,295,W <small>(Thu)</small>,"Waiver Wire - Off Thu Jan 22, 9:00 AM PST",,WHU 2<br/>@TOT 1 F,WHU 2,False,@TOT 1 F,06c2d,55.25,3.68,39%,+1%,1.0
06exb,Rasmus Hojlund,,,MUN,Manchester United,MUN,110090,F,F,701,701,701,5,,640,R. Hojlund,rasmus-hojlund,https://fantraximg.com/assets/images/logos/sportsteam/epl/Manchester_United.png,,640,W <small>(Thu)</small>,"Waiver Wire - Off Thu Jan 22, 9:00 AM PST",,MCI 0<br/>@MUN 2 F,MCI 0,False,@MUN 2 F,06c2a,0,0,3%,0%,
04qrc,Raul Jimenez,,,FUL,Fulham,FUL,110063,F,F,701,701,701,,,83,R. Jimenez,raul-jimenez,https://fantraximg.com/assets/images/logos/sportsteam/epl/Fulham.png,,83,kinge,1 - Boomsakalaka (kingeric7.),4w3svguhmc719rep,FUL 0<br/>@LEE 1 F,FUL 0,False,@LEE 1 F,06c79,165.25,7.87,93%,+5%,1.0
05os4,Rayan Ait-Nouri,,,MCI,Manchester City,MCI,110080,D,D,703,703,703,,,378,R. Ait-Nouri,rayan-ait-nouri,https://fantraximg.com/assets/images/logos/sportsteam/epl/Manchester_City.png,,378,scout,1 - scout skegghorst (trouttreghorst),0cyx6ukymc719rep,MCI 0<br/>@MUN 2 F,MCI 0,False,@MUN 2 F,06c2a,24.75,4.12,60%,+9%,1.0
06v07,Rayan Cherki,,,MCI,Manchester City,MCI,110080,M,M,702,702,702,,,58,R. Cherki,rayan-cherki,https://fantraximg.com/assets/images/logos/sportsteam/epl/Manchester_City.png,,58,ideso,1 - Cucu Diddler Rella (idesofmarz),e1zcwbwfmc719rep,MCI 0<br/>@MUN 2 F,MCI 0,False,@MUN 2 F,06c2a,186,10.94,99%,0%,
051k7,Reece James,,,CHE,Chelsea,CHE,110040,D,D,703,703,703,,,15,R. James,reece-james,https://fantraximg.com/assets/images/logos/sportsteam/epl/Chelsea.png,,15,ramgo,1 - Troy McClure's Fish Fetish (ramgorn),xwd21t85mc719rep,BRF 0<br/>@CHE 2 F,BRF 0,False,@CHE 2 F,06c29,224.75,10.7,100%,+1%,1.0
06v09,Reece Munro,,,MUN,Manchester United,MUN,110090,D,D,703,703,703,5,,713,R. Munro,reece-munro,https://fantraximg.com/assets/images/logos/sportsteam/epl/Manchester_United.png,,713,W <small>(Thu)</small>,"Waiver Wire - Off Thu Jan 22, 9:00 AM PST",,MCI 0<br/>@MUN 2 F,MCI 0,False,@MUN 2 F,06c2a,0,0,0%,0%,
05rka,Reece Welch,,,EVE,Everton,EVE,110050,D,D,703,703,703,4,,831,R. Welch,reece-welch,https://fantraximg.com/assets/images/logos/sportsteam/epl/Everton.png,,831,FA,Free Agent,,@AVL<br/>Sun 8:30AM,AVL,True,Sun 8:30AM,06c27,0,0,0%,0%,
06nkh,Reggie Rose,,,BRF,Brentford,BRF,110237,G,G,704,704,704,5,,773,R. Rose,reggie-rose,https://fantraximg.com/assets/images/logos/sportsteam/epl/Brentford.png,,773,W <small>(Thu)</small>,"Waiver Wire - Off Thu Jan 22, 9:00 AM PST",,BRF 0<br/>@CHE 2 F,BRF 0,False,@CHE 2 F,06c29,0,0,0%,0%,
06rrq,Reggie Walsh,,,CHE,Chelsea,CHE,110040,M,M,702,702,702,5,,828,R. Walsh,reggie-walsh,https://fantraximg.com/assets/images/logos/sportsteam/epl/Chelsea.png,,828,W <small>(Thu)</small>,"Waiver Wire - Off Thu Jan 22, 9:00 AM PST",,BRF 0<br/>@CHE 2 F,BRF 0,False,@CHE 2 F,06c29,0,0,0%,0%,
06nlc,Reigan Heskey,,,MCI,Manchester City,MCI,110080,F,F,701,701,701,5,,635,R. Heskey,reigan-heskey,https://fantraximg.com/assets/images/logos/sportsteam/epl/Manchester_City.png,,635,W <small>(Thu)</small>,"Waiver Wire - Off Thu Jan 22, 9:00 AM PST",,MCI 0<br/>@MUN 2 F,MCI 0,False,@MUN 2 F,06c2a,0,0,0%,0%,
06yb9,Reinildo Isnard Mandava,,,SUN,Sunderland,SUN,110141,D,D,703,703,703,5,,216,R. Isnard Mandava,reinildo-isnard-mandava,https://fantraximg.com/assets/images/logos/sportsteam/epl/Sunderland.png,,216,W <small>(Thu)</small>,"Waiver Wire - Off Thu Jan 22, 9:00 AM PST",,CRY 1<br/>@SUN 2 F,CRY 1,False,@SUN 2 F,06c2c,85.75,6.6,10%,+4%,1.0
04ge8,Reiss Nelson,,,BRF,Brentford,BRF,110237,F,F,701,701,701,5,,437,R. Nelson,reiss-nelson,https://fantraximg.com/assets/images/logos/sportsteam/epl/Brentford.png,,437,W <small>(Thu)</small>,"Waiver Wire - Off Thu Jan 22, 9:00 AM PST",,BRF 0<br/>@CHE 2 F,BRF 0,False,@CHE 2 F,06c29,5.5,0.92,9%,0%,
06zc6,Reiss-Alexander Russell-Denny,,,TOT,Tottenham Hotspur,TOT,110160,M,M,702,702,702,5,,778,R. Russell-Denny,reiss-alexander-russell-denny,https://fantraximg.com/assets/images/logos/sportsteam/epl/Tottenham_Hotspur.png,,778,W <small>(Thu)</small>,"Waiver Wire - Off Thu Jan 22, 9:00 AM PST",,WHU 2<br/>@TOT 1 F,WHU 2,False,@TOT 1 F,06c2d,0,0,0%,0%,
05ubh,Remi Matthews,,,CRY,Crystal Palace,CRY,110045,G,G,704,704,704,5,,690,R. Matthews,remi-matthews,https://fantraximg.com/assets/images/logos/sportsteam/epl/Crystal_Palace.png,,690,W <small>(Thu)</small>,"Waiver Wire - Off Thu Jan 22, 9:00 AM PST",,CRY 1<br/>@SUN 2 F,CRY 1,False,@SUN 2 F,06c2c,0,0,0%,0%,
06r3w,Remy Rees-Dottin,,,BOU,Bournemouth,BOU,110034,F,F,701,701,701,4,,764,R. Rees-Dottin,remy-rees-dottin,https://fantraximg.com/assets/images/logos/sportsteam/epl/Bournemouth.png,,764,FA,Free Agent,,@BHA<br/>Mon 12:00PM,BHA,True,Mon 12:00PM,06c28,0,0,0%,0%,
06yxd,Rhys Chadwick,,,LEE,Leeds United,LEE,110261,M,M,702,702,702,5,,549,R. Chadwick,rhys-chadwick,https://fantraximg.com/assets/images/logos/sportsteam/epl/Leeds_United2.png,,549,W <small>(Thu)</small>,"Waiver Wire - Off Thu Jan 22, 9:00 AM PST",,FUL 0<br/>@LEE 1 F,FUL 0,False,@LEE 1 F,06c79,0,0,0%,0%,
0722r,Rhys Oakley,,,AVL,Aston Villa,AVL,110011,G,G,704,704,704,4,,726,R. Oakley,rhys-oakley,https://fantraximg.com/assets/images/logos/sportsteam/epl/Aston_Villa.png,,726,FA,Free Agent,,EVE<br/>Sun 8:30AM,EVE,False,Sun 8:30AM,06c27,0,0,0%,0%,
05oji,Rhys Williams,,,LIV,Liverpool,LIV,110070,D,D,703,703,703,5,,840,R. Williams,rhys-williams,https://fantraximg.com/assets/images/logos/sportsteam/epl/Liverpool.png,,840,W <small>(Thu)</small>,"Waiver Wire - Off Thu Jan 22, 9:00 AM PST",,BUR 1<br/>@LIV 1 F,BUR 1,False,@LIV 1 F,06c7a,0,0,0%,0%,
06nu7,Riccardo Calafiori,,,ARS,Arsenal,ARS,110000,D,D,703,703,703,,,79,R. Calafiori,riccardo-calafiori,https://fantraximg.com/assets/images/logos/sportsteam/epl/Arsenal.png,,79,josht,1 - Dark Arts FC (joshtradamus),h61uavhqmc719rep,ARS 0<br/>@NOT 0 F,ARS 0,False,@NOT 0 F,06c2b,168.25,10.52,86%,-1%,-1.0
04io4,Richarlison,,,TOT,Tottenham Hotspur,TOT,110160,F,F,701,701,701,5,,77,Richarlison,richarlison-de-andrade,https://fantraximg.com/assets/images/logos/sportsteam/epl/Tottenham_Hotspur.png,,77,W <small>(Thu)</small>,"Waiver Wire - Off Thu Jan 22, 9:00 AM PST",,WHU 2<br/>@TOT 1 F,WHU 2,False,@TOT 1 F,06c2d,171,8.14,64%,-18%,-1.0
05tqz,Rico Henry,,,BRF,Brentford,BRF,110237,D,D,703,703,703,5,,284,R. Henry,rico-henry,https://fantraximg.com/assets/images/logos/sportsteam/epl/Brentford.png,,284,W <small>(Thu)</small>,"Waiver Wire - Off Thu Jan 22, 9:00 AM PST",,BRF 0<br/>@CHE 2 F,BRF 0,False,@CHE 2 F,06c29,58.5,3.25,3%,0%,
062x7,Rico Lewis,,,MCI,Manchester City,MCI,110080,D,D,703,703,703,5,,354,R. Lewis,rico-lewis,https://fantraximg.com/assets/images/logos/sportsteam/epl/Manchester_City.png,,354,W <small>(Thu)</small>,"Waiver Wire - Off Thu Jan 22, 9:00 AM PST",,MCI 0<br/>@MUN 2 F,MCI 0,False,@MUN 2 F,06c2a,32,3.2,15%,+8%,1.0
06zbt,Rio Cardines,,,CRY,Crystal Palace,CRY,110045,M,M,702,702,702,5,,542,R. Cardines,rio-cardines,https://fantraximg.com/assets/images/logos/sportsteam/epl/Crystal_Palace.png,,542,W <small>(Thu)</small>,"Waiver Wire - Off Thu Jan 22, 9:00 AM PST",,CRY 1<br/>@SUN 2 F,CRY 1,False,@SUN 2 F,06c2c,0,0,0%,0%,
06mgn,Rio Kyerematen,,,TOT,Tottenham Hotspur,TOT,110160,M,M,702,702,702,5,,670,R. Kyerematen,rio-kyerematen,https://fantraximg.com/assets/images/logos/sportsteam/epl/Tottenham_Hotspur.png,,670,W <small>(Thu)</small>,"Waiver Wire - Off Thu Jan 22, 9:00 AM PST",,WHU 2<br/>@TOT 1 F,WHU 2,False,@TOT 1 F,06c2d,0,0,0%,0%,
06r2g,Rio Ngumoha,,,LIV,Liverpool,LIV,110070,F,F,701,701,701,5,,373,R. Ngumoha,rio-ngumoha,https://fantraximg.com/assets/images/logos/sportsteam/epl/Liverpool.png,,373,W <small>(Thu)</small>,"Waiver Wire - Off Thu Jan 22, 9:00 AM PST",,BUR 1<br/>@LIV 1 F,BUR 1,False,@LIV 1 F,06c7a,26,3.71,4%,0%,
044nm,Rob Holding,,,CRY,Crystal Palace,CRY,110045,D,D,703,703,703,5,,641,R. Holding,rob-holding,https://fantraximg.com/assets/images/logos/sportsteam/epl/Crystal_Palace.png,,641,W <small>(Thu)</small>,"Waiver Wire - Off Thu Jan 22, 9:00 AM PST",,CRY 1<br/>@SUN 2 F,CRY 1,False,@SUN 2 F,06c2c,0,0,0%,0%,
04yme,Robert Sanchez,,,CHE,Chelsea,CHE,110040,G,G,704,704,704,,,49,R. Sanchez,robert-sanchez,https://fantraximg.com/assets/images/logos/sportsteam/epl/Chelsea.png,,49,DFFC,1 - Darth Fernandes FC (jacobnorman14),ew8egddsmc719rep,BRF 0<br/>@CHE 2 F,BRF 0,False,@CHE 2 F,06c29,192.5,9.17,90%,+3%,1.0
06znb,Robin Roefs,,,SUN,Sunderland,SUN,110141,G,G,704,704,704,,,8,R. Roefs,robin-roefs,https://fantraximg.com/assets/images/logos/sportsteam/epl/Sunderland.png,,8,hogan_m,"1 - Yoro wizard, Harry! (hogan_m)",3uxxpgpemc719rep,CRY 1<br/>@SUN 2 F,CRY 1,False,@SUN 2 F,06c2c,245.5,11.16,83%,+1%,1.0
0524k,Rodri,,,MCI,Manchester City,MCI,110080,M,M,702,702,702,,,315,Rodri,rodrigo-hernandez-cascante,https://fantraximg.com/assets/images/logos/sportsteam/epl/Manchester_City.png,,315,ramgo,1 - Troy McClure's Fish Fetish (ramgorn),xwd21t85mc719rep,MCI 0<br/>@MUN 2 F,MCI 0,False,@MUN 2 F,06c2a,44.75,4.47,83%,+2%,1.0
05ylw,Rodrigo Bentancur,,,TOT,Tottenham Hotspur,TOT,110160,M,M,702,702,702,5,,161,R. Bentancur,rodrigo-bentancur,https://fantraximg.com/assets/images/logos/sportsteam/epl/Tottenham_Hotspur.png,,161,W <small>(Thu)</small>,"Waiver Wire - Off Thu Jan 22, 9:00 AM PST",,WHU 2<br/>@TOT 1 F,WHU 2,False,@TOT 1 F,06c2d,116,5.8,10%,-10%,-1.0
06mn8,Rodrigo Gomes,,,WOL,Wolverhampton,WOL,110191,M,M,703,702,702,4,,350,Rodrigo Gomes,rodrigo-martins-gomes,https://fantraximg.com/assets/images/logos/sportsteam/epl/Wolverhampton_Wanderers.png,,350,FA,Free Agent,,NEW<br/>Sun 6:00AM,NEW,False,Sun 6:00AM,06c2e,33.5,5.58,1%,0%,
061vn,Rodrigo Muniz,,,FUL,Fulham,FUL,110063,F,F,701,701,701,5,,347,Rodrigo Muniz,rodrigo-muniz-carvalho,https://fantraximg.com/assets/images/logos/sportsteam/epl/Fulham.png,,347,W <small>(Thu)</small>,"Waiver Wire - Off Thu Jan 22, 9:00 AM PST",,FUL 0<br/>@LEE 1 F,FUL 0,False,@LEE 1 F,06c79,35.75,5.11,17%,0%,
06r9h,Romain Esse,,,CRY,Crystal Palace,CRY,110045,M,M,702,702,702,5,,458,R. Esse,romain-esse,https://fantraximg.com/assets/images/logos/sportsteam/epl/Crystal_Palace.png,,458,W <small>(Thu)</small>,"Waiver Wire - Off Thu Jan 22, 9:00 AM PST",,CRY 1<br/>@SUN 2 F,CRY 1,False,@SUN 2 F,06c2c,1.5,0.38,3%,0%,
06jgk,Romain Faivre,,,BOU,Bournemouth,BOU,110034,M,M,702,702,702,4,,588,R. Faivre,romain-faivre,https://fantraximg.com/assets/images/logos/sportsteam/epl/Bournemouth.png,,588,FA,Free Agent,,@BHA<br/>Mon 12:00PM,BHA,True,Mon 12:00PM,06c28,0,0,0%,0%,
05udw,Romaine Mundle,,,SUN,Sunderland,SUN,110141,F,F,701,701,701,5,,393,R. Mundle,romaine-mundle,https://fantraximg.com/assets/images/logos/sportsteam/epl/Sunderland.png,,393,W <small>(Thu)</small>,"Waiver Wire - Off Thu Jan 22, 9:00 AM PST",,CRY 1<br/>@SUN 2 F,CRY 1,False,@SUN 2 F,06c2c,17.5,1.94,1%,+1%,1.0
06xzb,Romelle Donovan,,,BRF,Brentford,BRF,110237,M,M,702,702,702,5,,449,R. Donovan,romelle-donovan,https://fantraximg.com/assets/images/logos/sportsteam/epl/Brentford.png,,449,W <small>(Thu)</small>,"Waiver Wire - Off Thu Jan 22, 9:00 AM PST",,BRF 0<br/>@CHE 2 F,BRF 0,False,@CHE 2 F,06c29,2.5,2.5,0%,0%,
05unu,Romeo Lavia,,,CHE,Chelsea,CHE,110040,M,M,702,702,702,5,,431,R. Lavia,romeo-lavia,https://fantraximg.com/assets/images/logos/sportsteam/epl/Chelsea.png,,431,W <small>(Thu)</small>,"Waiver Wire - Off Thu Jan 22, 9:00 AM PST",,BRF 0<br/>@CHE 2 F,BRF 0,False,@CHE 2 F,06c29,6.5,1.62,1%,0%,
072gz,Ronnie Hollingshead,,,AVL,Aston Villa,AVL,110011,G,G,704,704,704,4,,642,R. Hollingshead,ronnie-hollingshead,https://fantraximg.com/assets/images/logos/sportsteam/epl/Aston_Villa.png,,642,FA,Free Agent,,EVE<br/>Sun 8:30AM,EVE,False,Sun 8:30AM,06c27,0,0,0%,0%,
06yxc,Rory Mahady,,,LEE,Leeds United,LEE,110261,G,G,704,704,704,5,,684,R. Mahady,rory-mahady,https://fantraximg.com/assets/images/logos/sportsteam/epl/Leeds_United2.png,,684,W <small>(Thu)</small>,"Waiver Wire - Off Thu Jan 22, 9:00 AM PST",,FUL 0<br/>@LEE 1 F,FUL 0,False,@LEE 1 F,06c79,0,0,0%,0%,
02lpf,Ross Barkley,,,AVL,Aston Villa,AVL,110011,M,M,702,702,702,4,,374,R. Barkley,ross-barkley,https://fantraximg.com/assets/images/logos/sportsteam/epl/Aston_Villa.png,,374,FA,Free Agent,,EVE<br/>Sun 8:30AM,EVE,False,Sun 8:30AM,06c27,25.75,3.68,0%,0%,
05omu,Ruben Dias,,,MCI,Manchester City,MCI,110080,D,D,703,703,703,,,48,Ruben Dias,ruben-santos-gato-alves-dias,https://fantraximg.com/assets/images/logos/sportsteam/epl/Manchester_City.png,,48,plist,1 - Baby Jesus (plisterud),4kktj7fqmc719rep,MCI 0<br/>@MUN 2 F,MCI 0,False,@MUN 2 F,06c2a,192.5,9.62,74%,-5%,-1.0
061ve,Ryan Christie,,,BOU,Bournemouth,BOU,110034,M,M,702,702,702,4,,337,R. Christie,ryan-christie,https://fantraximg.com/assets/images/logos/sportsteam/epl/Bournemouth.png,,337,FA,Free Agent,,@BHA<br/>Mon 12:00PM,BHA,True,Mon 12:00PM,06c28,38,3.45,11%,0%,
06fxe,Ryan Gravenberch,,,LIV,Liverpool,LIV,110070,M,M,702,702,702,,,62,R. Gravenberch,ryan-gravenberch,https://fantraximg.com/assets/images/logos/sportsteam/epl/Liverpool.png,,62,aokel,1 - Danny Carve a Hole (aokelly94),3soymulymc719reo,BUR 1<br/>@LIV 1 F,BUR 1,False,@LIV 1 F,06c7a,182.75,9.14,96%,0%,
072b6,Ryan Kavuma-McQueen,,,CHE,Chelsea,CHE,110040,F,F,701,701,701,5,,656,R. Kavuma-McQueen,ryan-kavuma-mcqueen,https://fantraximg.com/assets/images/logos/sportsteam/epl/Chelsea.png,,656,W <small>(Thu)</small>,"Waiver Wire - Off Thu Jan 22, 9:00 AM PST",,BRF 0<br/>@CHE 2 F,BRF 0,False,@CHE 2 F,06c29,0,0,0%,0%,
0722t,Ryan McAidoo,,,MCI,Manchester City,MCI,110080,F,F,701,701,701,5,,691,R. McAidoo,ryan-mcaidoo,https://fantraximg.com/assets/images/logos/sportsteam/epl/Manchester_City.png,,691,W <small>(Thu)</small>,"Waiver Wire - Off Thu Jan 22, 9:00 AM PST",,MCI 0<br/>@MUN 2 F,MCI 0,False,@MUN 2 F,06c2a,0,0,0%,0%,
04qfm,Ryan Sessegnon,,,FUL,Fulham,FUL,110063,M,M,702,702,702,5,,178,R. Sessegnon,ryan-sessegnon,https://fantraximg.com/assets/images/logos/sportsteam/epl/Fulham.png,,178,W <small>(Thu)</small>,"Waiver Wire - Off Thu Jan 22, 9:00 AM PST",,FUL 0<br/>@LEE 1 F,FUL 0,False,@LEE 1 F,06c79,106.5,7.1,37%,+7%,1.0
0643w,Ryan Trevitt,,,BRF,Brentford,BRF,110237,M,M,702,702,702,5,,816,R. Trevitt,ryan-trevitt,https://fantraximg.com/assets/images/logos/sportsteam/epl/Brentford.png,,816,W <small>(Thu)</small>,"Waiver Wire - Off Thu Jan 22, 9:00 AM PST",,BRF 0<br/>@CHE 2 F,BRF 0,False,@CHE 2 F,06c29,0,0,0%,0%,
061y6,Ryan Yates,,,NOT,Nottingham Forest,NOT,110105,M,M,702,702,702,5,,377,R. Yates,ryan-yates,https://fantraximg.com/assets/images/logos/sportsteam/epl/Nottingham_Forest.png,,377,W <small>(Thu)</small>,"Waiver Wire - Off Thu Jan 22, 9:00 AM PST",,ARS 0<br/>@NOT 0 F,ARS 0,False,@NOT 0 F,06c2b,25,2.27,1%,0%,
072hx,Saheed Olagunju,,,WOL,Wolverhampton,WOL,110191,D,D,703,703,703,4,,731,S. Olagunju,saheed-olagunju,https://fantraximg.com/assets/images/logos/sportsteam/epl/Wolverhampton_Wanderers.png,,731,FA,Free Agent,,NEW<br/>Sun 6:00AM,NEW,False,Sun 6:00AM,06c2e,0,0,0%,0%,
072g3,Sam Alabi,,,NEW,Newcastle United,NEW,110101,M,M,702,702,702,4,,485,S. Alabi,sam-alabi,https://fantraximg.com/assets/images/logos/sportsteam/epl/Newcastle_United.png,,485,FA,Free Agent,,@WOL<br/>Sun 6:00AM,WOL,True,Sun 6:00AM,06c2e,0,0,0%,0%,
03ysd,Sam Byram,,,LEE,Leeds United,LEE,110261,D,D,703,703,703,5,,537,S. Byram,sam-byram,https://fantraximg.com/assets/images/logos/sportsteam/epl/Leeds_United2.png,,537,W <small>(Thu)</small>,"Waiver Wire - Off Thu Jan 22, 9:00 AM PST",,FUL 0<br/>@LEE 1 F,FUL 0,False,@LEE 1 F,06c79,0,0,0%,0%,
06v00,Sam Chambers,,,LEE,Leeds United,LEE,110261,M,M,702,702,702,5,,550,S. Chambers,sam-chambers,https://fantraximg.com/assets/images/logos/sportsteam/epl/Leeds_United2.png,,550,W <small>(Thu)</small>,"Waiver Wire - Off Thu Jan 22, 9:00 AM PST",,FUL 0<br/>@LEE 1 F,FUL 0,False,@LEE 1 F,06c79,0,0,0%,0%,
05r4r,Sam Greenwood,,,LEE,Leeds United,LEE,110261,F,F,701,701,701,5,,613,S. Greenwood,sam-greenwood,https://fantraximg.com/assets/images/logos/sportsteam/epl/Leeds_United2.png,,613,W <small>(Thu)</small>,"Waiver Wire - Off Thu Jan 22, 9:00 AM PST",,FUL 0<br/>@LEE 1 F,FUL 0,False,@LEE 1 F,06c79,0,0,0%,0%,
02xtd,Sam Johnstone,,,WOL,Wolverhampton,WOL,110191,G,G,704,704,704,4,,263,S. Johnstone,sam-johnstone,https://fantraximg.com/assets/images/logos/sportsteam/epl/Wolverhampton_Wanderers.png,,263,FA,Free Agent,,NEW<br/>Sun 6:00AM,NEW,False,Sun 6:00AM,06c2e,67,5.58,2%,0%,
06ie2,Sam Proctor,,,AVL,Aston Villa,AVL,110011,G,G,704,704,704,4,,755,S. Proctor,sam-proctor,https://fantraximg.com/assets/images/logos/sportsteam/epl/Aston_Villa.png,,755,FA,Free Agent,,EVE<br/>Sun 8:30AM,EVE,False,Sun 8:30AM,06c27,0,0,0%,0%,
06ewp,Samuel Amissah,,,FUL,Fulham,FUL,110063,D,D,703,703,703,5,,491,S. Amissah,samuel-amissah,https://fantraximg.com/assets/images/logos/sportsteam/epl/Fulham.png,,491,W <small>(Thu)</small>,"Waiver Wire - Off Thu Jan 22, 9:00 AM PST",,FUL 0<br/>@LEE 1 F,FUL 0,False,@LEE 1 F,06c79,0,0,0%,0%,
070hk,Samuel Chukwueze,,,FUL,Fulham,FUL,110063,F,F,701,701,701,5,,213,S. Chukwueze,samuel-chukwueze,https://fantraximg.com/assets/images/logos/sportsteam/epl/Fulham.png,,213,W <small>(Thu)</small>,"Waiver Wire - Off Thu Jan 22, 9:00 AM PST",,FUL 0<br/>@LEE 1 F,FUL 0,False,@LEE 1 F,06c79,86.75,9.64,42%,+5%,1.0
06mnb,Samuel Iling-Junior,,,AVL,Aston Villa,AVL,110011,F,F,701,701,701,4,,645,S. Iling-Junior,samuel-iling-junior,https://fantraximg.com/assets/images/logos/sportsteam/epl/Aston_Villa.png,,645,FA,Free Agent,,EVE<br/>Sun 8:30AM,EVE,False,Sun 8:30AM,06c27,0,0,0%,0%,
05gcs,Sander Berge,,,FUL,Fulham,FUL,110063,M,M,702,702,702,5,,140,S. Berge,sander-berge,https://fantraximg.com/assets/images/logos/sportsteam/epl/Fulham.png,,140,W <small>(Thu)</small>,"Waiver Wire - Off Thu Jan 22, 9:00 AM PST",,FUL 0<br/>@LEE 1 F,FUL 0,False,@LEE 1 F,06c79,126,5.73,11%,+4%,1.0
06cms,Sandro Tonali,,,NEW,Newcastle United,NEW,110101,M,M,702,702,702,,,170,S. Tonali,sandro-tonali,https://fantraximg.com/assets/images/logos/sportsteam/epl/Newcastle_United.png,2,170,plist,1 - Baby Jesus (plisterud),4kktj7fqmc719rep,@WOL<br/>Sun 6:00AM,WOL,True,Sun 6:00AM,06c2e,110.25,5.25,71%,-4%,-1.0
06fwx,Santiago Bueno,,,WOL,Wolverhampton,WOL,110191,D,D,703,703,703,4,,193,S. Bueno,santiago-bueno,https://fantraximg.com/assets/images/logos/sportsteam/epl/Wolverhampton_Wanderers.png,2,193,FA,Free Agent,,NEW<br/>Sun 6:00AM,NEW,False,Sun 6:00AM,06c2e,97,8.08,4%,0%,
06492,Sasa Kalajdzic,,,WOL,Wolverhampton,WOL,110191,F,F,701,701,701,4,,459,S. Kalajdzic,sasa-kalajdzic,https://fantraximg.com/assets/images/logos/sportsteam/epl/Wolverhampton_Wanderers.png,,459,FA,Free Agent,,NEW<br/>Sun 6:00AM,NEW,False,Sun 6:00AM,06c2e,1.5,1.5,0%,0%,
068yt,Sasa Lukic,,,FUL,Fulham,FUL,110063,M,M,702,702,702,5,,145,S. Lukic,sasa-lukic,https://fantraximg.com/assets/images/logos/sportsteam/epl/Fulham.png,,145,W <small>(Thu)</small>,"Waiver Wire - Off Thu Jan 22, 9:00 AM PST",,FUL 0<br/>@LEE 1 F,FUL 0,False,@LEE 1 F,06c79,123.75,6.51,19%,0%,
06mvz,Savio,,,MCI,Manchester City,MCI,110080,M,M,701,702,702,,,286,Savio,savio-moreira-de-oliveira,https://fantraximg.com/assets/images/logos/sportsteam/epl/Manchester_City.png,,286,DFFC,1 - Darth Fernandes FC (jacobnorman14),ew8egddsmc719rep,MCI 0<br/>@MUN 2 F,MCI 0,False,@MUN 2 F,06c2a,58,3.87,40%,-5%,-1.0
06zxz,Scott Bailey,,,NEW,Newcastle United,NEW,110101,M,M,702,702,702,4,,506,S. Bailey,scott-bailey,https://fantraximg.com/assets/images/logos/sportsteam/epl/Newcastle_United.png,,506,FA,Free Agent,,@WOL<br/>Sun 6:00AM,WOL,True,Sun 6:00AM,06c2e,0,0,0%,0%,
02lpl,Seamus Coleman,,,EVE,Everton,EVE,110050,D,D,703,703,703,4,,463,S. Coleman,seamus-coleman,https://fantraximg.com/assets/images/logos/sportsteam/epl/Everton.png,,463,FA,Free Agent,,@AVL<br/>Sun 8:30AM,AVL,True,Sun 8:30AM,06c27,1,0.33,0%,0%,
04ug0,Sean Longstaff,,,LEE,Leeds United,LEE,110261,M,M,702,702,702,,,173,S. Longstaff,sean-longstaff,https://fantraximg.com/assets/images/logos/sportsteam/epl/Leeds_United2.png,,173,josht,1 - Dark Arts FC (joshtradamus),h61uavhqmc719rep,FUL 0<br/>@LEE 1 F,FUL 0,False,@LEE 1 F,06c79,108.75,9.06,43%,+1%,1.0
06rnn,Sean Neave,,,NEW,Newcastle United,NEW,110101,F,F,701,701,701,4,,719,S. Neave,sean-neave,https://fantraximg.com/assets/images/logos/sportsteam/epl/Newcastle_United.png,,719,FA,Free Agent,,@WOL<br/>Sun 6:00AM,WOL,True,Sun 6:00AM,06c2e,0,0,0%,0%,
06y28,Sebastiaan Bornauw,,,LEE,Leeds United,LEE,110261,D,D,703,703,703,5,,394,S. Bornauw,sebastiaan-bornauw,https://fantraximg.com/assets/images/logos/sportsteam/epl/Leeds_United2.png,,394,W <small>(Thu)</small>,"Waiver Wire - Off Thu Jan 22, 9:00 AM PST",,FUL 0<br/>@LEE 1 F,FUL 0,False,@LEE 1 F,06c79,17.25,2.88,0%,0%,
06roh,Sekou Koné,,,MUN,Manchester United,MUN,110090,M,M,702,702,702,5,,666,S. Koné,sekou-kone,https://fantraximg.com/assets/images/logos/sportsteam/epl/Manchester_United.png,,666,W <small>(Thu)</small>,"Waiver Wire - Off Thu Jan 22, 9:00 AM PST",,MCI 0<br/>@MUN 2 F,MCI 0,False,@MUN 2 F,06c2a,0,0,0%,0%,
070hl,Senne Lammens,,,MUN,Manchester United,MUN,110090,G,G,704,704,704,5,,203,S. Lammens,senne-lammens,https://fantraximg.com/assets/images/logos/sportsteam/epl/Manchester_United.png,,203,W <small>(Thu)</small>,"Waiver Wire - Off Thu Jan 22, 9:00 AM PST",,MCI 0<br/>@MUN 2 F,MCI 0,False,@MUN 2 F,06c2a,89.5,5.59,23%,-9%,-1.0
05220,Sepp van den Berg,,,BRF,Brentford,BRF,110237,D,D,703,703,703,5,,129,S. van den Berg,sepp-van-den-berg,https://fantraximg.com/assets/images/logos/sportsteam/epl/Brentford.png,,129,W <small>(Thu)</small>,"Waiver Wire - Off Thu Jan 22, 9:00 AM PST",,BRF 0<br/>@CHE 2 F,BRF 0,False,@CHE 2 F,06c29,130.75,7.69,26%,-2%,-1.0
072cb,Seth Ridgeon,,,FUL,Fulham,FUL,110063,M,M,702,702,702,5,,767,S. Ridgeon,seth-ridgeon,https://fantraximg.com/assets/images/logos/sportsteam/epl/Fulham.png,,767,W <small>(Thu)</small>,"Waiver Wire - Off Thu Jan 22, 9:00 AM PST",,FUL 0<br/>@LEE 1 F,FUL 0,False,@LEE 1 F,06c79,0,0,0%,0%,
06zc0,Seung-Soo Park,,,NEW,Newcastle United,NEW,110101,F,F,701,701,701,4,,741,S. Park,seung-soo-park,https://fantraximg.com/assets/images/logos/sportsteam/epl/Newcastle_United.png,,741,FA,Free Agent,,@WOL<br/>Sun 6:00AM,WOL,True,Sun 6:00AM,06c2e,0,0,0%,0%,
06v0c,Shea Lacey,,,MUN,Manchester United,MUN,110090,F,F,701,701,701,5,,443,S. Lacey,shea-lacey,https://fantraximg.com/assets/images/logos/sportsteam/epl/Manchester_United.png,,443,W <small>(Thu)</small>,"Waiver Wire - Off Thu Jan 22, 9:00 AM PST",,MCI 0<br/>@MUN 2 F,MCI 0,False,@MUN 2 F,06c2a,3.5,1.75,1%,0%,
06qgn,Shumaira Mheuka,,,CHE,Chelsea,CHE,110040,F,F,701,701,701,5,,701,S. Mheuka,shumaira-mheuka,https://fantraximg.com/assets/images/logos/sportsteam/epl/Chelsea.png,,701,W <small>(Thu)</small>,"Waiver Wire - Off Thu Jan 22, 9:00 AM PST",,BRF 0<br/>@CHE 2 F,BRF 0,False,@CHE 2 F,06c29,0,0,0%,0%,
06uzm,Shurandy Sambo,,,BUR,Burnley,BUR,110223,D,D,703,703,703,5,,783,S. Sambo,shurandy-sambo,https://fantraximg.com/assets/images/logos/sportsteam/epl/Burnley_3.png,,783,W <small>(Thu)</small>,"Waiver Wire - Off Thu Jan 22, 9:00 AM PST",,BUR 1<br/>@LIV 1 F,BUR 1,False,@LIV 1 F,06c7a,0,0,0%,0%,
0626q,Simon Adingra,,,SUN,Sunderland,SUN,110141,M,M,701,702,702,,,292,S. Adingra,simon-adingra,https://fantraximg.com/assets/images/logos/sportsteam/epl/Sunderland.png,,292,josht,1 - Dark Arts FC (joshtradamus),h61uavhqmc719rep,CRY 1<br/>@SUN 2 F,CRY 1,False,@SUN 2 F,06c2c,56.25,4.02,27%,-4%,-1.0
033l8,Simon Moore,,,SUN,Sunderland,SUN,110141,G,G,704,704,704,5,,705,S. Moore,simon-moore,https://fantraximg.com/assets/images/logos/sportsteam/epl/Sunderland.png,,705,W <small>(Thu)</small>,"Waiver Wire - Off Thu Jan 22, 9:00 AM PST",,CRY 1<br/>@SUN 2 F,CRY 1,False,@SUN 2 F,06c2c,0,0,0%,0%,
04e1k,Solly March,,,BHA,Brighton,BHA,110240,M,M,702,702,702,4,,686,S. March,solly-march,https://fantraximg.com/assets/images/logos/sportsteam/epl/Brighton_and_Hove_Albion.png,,686,FA,Free Agent,,BOU<br/>Mon 12:00PM,BOU,False,Mon 12:00PM,06c28,0,0,2%,0%,
03v9d,Son Heung-Min,,,TOT,Tottenham Hotspur,TOT,110160,F,F,701,701,701,5,,801,Son Heung-Min,heung-min-son,https://fantraximg.com/assets/images/logos/sportsteam/epl/Tottenham_Hotspur.png,,801,W <small>(Thu)</small>,"Waiver Wire - Off Thu Jan 22, 9:00 AM PST",,WHU 2<br/>@TOT 1 F,WHU 2,False,@TOT 1 F,06c2d,0,0,10%,0%,
070g9,Soungoutou Magassa,,,WHU,West Ham United,WHU,110175,M,M,702,702,702,5,,277,S. Magassa,soungoutou-magassa,https://fantraximg.com/assets/images/logos/sportsteam/epl/West_Ham_United.png,,277,W <small>(Thu)</small>,"Waiver Wire - Off Thu Jan 22, 9:00 AM PST",,WHU 2<br/>@TOT 1 F,WHU 2,False,@TOT 1 F,06c2d,62,4.43,1%,-1%,-1.0
062p0,Stefan Bajcetic,,,LIV,Liverpool,LIV,110070,M,M,702,702,702,5,,507,S. Bajcetic,stefan-bajcetic,https://fantraximg.com/assets/images/logos/sportsteam/epl/Liverpool.png,,507,W <small>(Thu)</small>,"Waiver Wire - Off Thu Jan 22, 9:00 AM PST",,BUR 1<br/>@LIV 1 F,BUR 1,False,@LIV 1 F,06c7a,0,0,1%,0%,
062cw,Stefan Ortega,,,MCI,Manchester City,MCI,110080,G,G,704,704,704,5,,738,Stefan Ortega,stefan-ortega-moreno,https://fantraximg.com/assets/images/logos/sportsteam/epl/Manchester_City.png,,738,W <small>(Thu)</small>,"Waiver Wire - Off Thu Jan 22, 9:00 AM PST",,MCI 0<br/>@MUN 2 F,MCI 0,False,@MUN 2 F,06c2a,0,0,0%,0%,
06xzc,Stefanos Tzimas,,,BHA,Brighton,BHA,110240,F,F,701,701,701,4,,364,S. Tzimas,stefanos-tzimas,https://fantraximg.com/assets/images/logos/sportsteam/epl/Brighton_and_Hove_Albion.png,,364,FA,Free Agent,,BOU<br/>Mon 12:00PM,BOU,False,Mon 12:00PM,06c28,28.75,3.19,1%,0%,
06nbu,Stephen Mfuni,,,MCI,Manchester City,MCI,110080,D,D,703,703,703,5,,700,S. Mfuni,stephen-mfuni,https://fantraximg.com/assets/images/logos/sportsteam/epl/Manchester_City.png,,700,W <small>(Thu)</small>,"Waiver Wire - Off Thu Jan 22, 9:00 AM PST",,MCI 0<br/>@MUN 2 F,MCI 0,False,@MUN 2 F,06c2a,0,0,0%,0%,
06fwn,Steven Benda,,,FUL,Fulham,FUL,110063,G,G,704,704,704,5,,513,S. Benda,steven-benda,https://fantraximg.com/assets/images/logos/sportsteam/epl/Fulham.png,,513,W <small>(Thu)</small>,"Waiver Wire - Off Thu Jan 22, 9:00 AM PST",,FUL 0<br/>@LEE 1 F,FUL 0,False,@LEE 1 F,06c79,0,0,0%,0%,
062a9,Sven Botman,,,NEW,Newcastle United,NEW,110101,D,D,703,703,703,,,242,S. Botman,sven-botman,https://fantraximg.com/assets/images/logos/sportsteam/epl/Newcastle_United.png,2,242,scout,1 - scout skegghorst (trouttreghorst),0cyx6ukymc719rep,@WOL<br/>Sun 6:00AM,WOL,True,Sun 6:00AM,06c2e,75,6.82,28%,+17%,1.0
06ys4,Sverre Nypan,,,MCI,Manchester City,MCI,110080,M,M,702,702,702,5,,725,S. Nypan,sverre-nypan,https://fantraximg.com/assets/images/logos/sportsteam/epl/Manchester_City.png,,725,W <small>(Thu)</small>,"Waiver Wire - Off Thu Jan 22, 9:00 AM PST",,MCI 0<br/>@MUN 2 F,MCI 0,False,@MUN 2 F,06c2a,0,0,1%,0%,
072j7,TJ Carroll,,,AVL,Aston Villa,AVL,110011,D,D,703,703,703,4,,544,T. Carroll,tj-carroll,https://fantraximg.com/assets/images/logos/sportsteam/epl/Aston_Villa.png,,544,FA,Free Agent,,EVE<br/>Sun 8:30AM,EVE,False,Sun 8:30AM,06c27,0,0,0%,0%,
04rzl,Taiwo Awoniyi,,,NOT,Nottingham Forest,NOT,110105,F,F,701,701,701,5,,399,T. Awoniyi,taiwo-awoniyi,https://fantraximg.com/assets/images/logos/sportsteam/epl/Nottingham_Forest.png,,399,W <small>(Thu)</small>,"Waiver Wire - Off Thu Jan 22, 9:00 AM PST",,ARS 0<br/>@NOT 0 F,ARS 0,False,@NOT 0 F,06c2b,16.5,2.36,1%,0%,
05a6d,Tariq Lamptey,,,BHA,Brighton,BHA,110240,D,D,703,703,703,4,,673,T. Lamptey,tariq-lamptey,https://fantraximg.com/assets/images/logos/sportsteam/epl/Brighton_and_Hove_Albion.png,,673,FA,Free Agent,,BOU<br/>Mon 12:00PM,BOU,False,Mon 12:00PM,06c28,0,0,0%,0%,
06ib6,Tawanda Chirewa,,,WOL,Wolverhampton,WOL,110191,M,M,701,702,702,4,,472,T. Chirewa,tawanda-chirewa,https://fantraximg.com/assets/images/logos/sportsteam/epl/Wolverhampton_Wanderers.png,,472,FA,Free Agent,,NEW<br/>Sun 6:00AM,NEW,False,Sun 6:00AM,06c2e,0.25,0.12,0%,0%,
05ymb,Tayo Adaramola,,,CRY,Crystal Palace,CRY,110045,D,D,703,703,703,5,,476,T. Adaramola,tayo-adaramola,https://fantraximg.com/assets/images/logos/sportsteam/epl/Crystal_Palace.png,,476,W <small>(Thu)</small>,"Waiver Wire - Off Thu Jan 22, 9:00 AM PST",,CRY 1<br/>@SUN 2 F,CRY 1,False,@SUN 2 F,06c2c,0,0,0%,0%,
06jb3,Ted Curd,,,CHE,Chelsea,CHE,110040,G,G,704,704,704,5,,563,T. Curd,ted-curd,https://fantraximg.com/assets/images/logos/sportsteam/epl/Chelsea.png,,563,W <small>(Thu)</small>,"Waiver Wire - Off Thu Jan 22, 9:00 AM PST",,BRF 0<br/>@CHE 2 F,BRF 0,False,@CHE 2 F,06c29,0,0,0%,0%,
06l53,Temple Ojinnaka,,,WOL,Wolverhampton,WOL,110191,M,M,702,702,702,4,,730,T. Ojinnaka,temple-ojinnaka,https://fantraximg.com/assets/images/logos/sportsteam/epl/Wolverhampton_Wanderers.png,,730,FA,Free Agent,,NEW<br/>Sun 6:00AM,NEW,False,Sun 6:00AM,06c2e,0,0,0%,0%,
06ybp,Thierno Barry,,,EVE,Everton,EVE,110050,F,F,701,701,701,,,196,T. Barry,thierno-barry,https://fantraximg.com/assets/images/logos/sportsteam/epl/Everton.png,2,196,kinge,1 - Boomsakalaka (kingeric7.),4w3svguhmc719rep,@AVL<br/>Sun 8:30AM,AVL,True,Sun 8:30AM,06c27,91.5,4.36,50%,-11%,-1.0
05rbn,Thomas McGill,,,BHA,Brighton,BHA,110240,G,G,704,704,704,4,,692,T. McGill,thomas-mcgill,https://fantraximg.com/assets/images/logos/sportsteam/epl/Brighton_and_Hove_Albion.png,,692,FA,Free Agent,,BOU<br/>Mon 12:00PM,BOU,False,Mon 12:00PM,06c28,0,0,0%,0%,
06v06,Tijjani Reijnders,,,MCI,Manchester City,MCI,110080,M,M,702,702,702,,,100,T. Reijnders,tijjani-reijnders,https://fantraximg.com/assets/images/logos/sportsteam/epl/Manchester_City.png,,100,kinge,1 - Boomsakalaka (kingeric7.),4w3svguhmc719rep,MCI 0<br/>@MUN 2 F,MCI 0,False,@MUN 2 F,06c2a,150.5,7.17,97%,-1%,-1.0
05t6z,Tim Iroegbunam,,,EVE,Everton,EVE,110050,M,M,702,702,702,4,,235,T. Iroegbunam,tim-iroegbunam,https://fantraximg.com/assets/images/logos/sportsteam/epl/Everton.png,2,235,FA,Free Agent,,@AVL<br/>Sun 8:30AM,AVL,True,Sun 8:30AM,06c27,79.75,4.69,3%,-2%,-1.0
06xzk,Timothee Pembélé,,,SUN,Sunderland,SUN,110141,D,D,703,703,703,5,,746,T. Pembélé,timothee-pembele,https://fantraximg.com/assets/images/logos/sportsteam/epl/Sunderland.png,,746,W <small>(Thu)</small>,"Waiver Wire - Off Thu Jan 22, 9:00 AM PST",,CRY 1<br/>@SUN 2 F,CRY 1,False,@SUN 2 F,06c2c,0,0,0%,0%,
05o4c,Timothy Castagne,,,FUL,Fulham,FUL,110063,D,D,703,703,703,5,,281,T. Castagne,timothy-castagne,https://fantraximg.com/assets/images/logos/sportsteam/epl/Fulham.png,,281,W <small>(Thu)</small>,"Waiver Wire - Off Thu Jan 22, 9:00 AM PST",,FUL 0<br/>@LEE 1 F,FUL 0,False,@LEE 1 F,06c79,59.75,3.51,2%,0%,
06crn,Toby Collyer,,,MUN,Manchester United,MUN,110090,M,M,702,702,702,5,,557,T. Collyer,toby-collyer,https://fantraximg.com/assets/images/logos/sportsteam/epl/Manchester_United.png,,557,W <small>(Thu)</small>,"Waiver Wire - Off Thu Jan 22, 9:00 AM PST",,MCI 0<br/>@MUN 2 F,MCI 0,False,@MUN 2 F,06c2a,0,0,0%,0%,
070hd,Tolu Arokodare,,,WOL,Wolverhampton,WOL,110191,F,F,701,701,701,4,,239,T. Arokodare,tolu-arokodare,https://fantraximg.com/assets/images/logos/sportsteam/epl/Wolverhampton_Wanderers.png,2,239,FA,Free Agent,,NEW<br/>Sun 6:00AM,NEW,False,Sun 6:00AM,06c2e,76.25,4.49,13%,+2%,1.0
0328q,Tom Cairney,,,FUL,Fulham,FUL,110063,M,M,702,702,702,5,,369,T. Cairney,tom-cairney,https://fantraximg.com/assets/images/logos/sportsteam/epl/Fulham.png,,369,W <small>(Thu)</small>,"Waiver Wire - Off Thu Jan 22, 9:00 AM PST",,FUL 0<br/>@LEE 1 F,FUL 0,False,@LEE 1 F,06c79,27,1.93,0%,0%,
03dwz,Tom Heaton,,,MUN,Manchester United,MUN,110090,G,G,704,704,704,5,,628,T. Heaton,tom-heaton,https://fantraximg.com/assets/images/logos/sportsteam/epl/Manchester_United.png,,628,W <small>(Thu)</small>,"Waiver Wire - Off Thu Jan 22, 9:00 AM PST",,MCI 0<br/>@MUN 2 F,MCI 0,False,@MUN 2 F,06c2a,0,0,0%,0%,
06cmt,Tom King,,,EVE,Everton,EVE,110050,G,G,704,704,704,4,,659,T. King,tom-king,https://fantraximg.com/assets/images/logos/sportsteam/epl/Everton.png,,659,FA,Free Agent,,@AVL<br/>Sun 8:30AM,AVL,True,Sun 8:30AM,06c27,0,0,0%,0%,
06uzs,Tom Tweedy,,,BUR,Burnley,BUR,110223,F,F,701,701,701,5,,821,T. Tweedy,tom-tweedy,https://fantraximg.com/assets/images/logos/sportsteam/epl/Burnley_3.png,,821,W <small>(Thu)</small>,"Waiver Wire - Off Thu Jan 22, 9:00 AM PST",,BUR 1<br/>@LIV 1 F,BUR 1,False,@LIV 1 F,06c7a,0,0,0%,0%,
06uns,Tom Watson,,,BHA,Brighton,BHA,110240,F,F,701,701,701,4,,468,T. Watson,tom-watson,https://fantraximg.com/assets/images/logos/sportsteam/epl/Brighton_and_Hove_Albion.png,,468,FA,Free Agent,,BOU<br/>Mon 12:00PM,BOU,False,Mon 12:00PM,06c28,1,0.17,0%,0%,
05gcp,Tomas Soucek,,,WHU,West Ham United,WHU,110175,M,M,702,702,702,5,,192,T. Soucek,tomas-soucek,https://fantraximg.com/assets/images/logos/sportsteam/epl/West_Ham_United.png,,192,W <small>(Thu)</small>,"Waiver Wire - Off Thu Jan 22, 9:00 AM PST",,WHU 2<br/>@TOT 1 F,WHU 2,False,@TOT 1 F,06c2d,97.25,5.12,17%,+2%,1.0
06yjz,Tommy Pilling,,,LIV,Liverpool,LIV,110070,M,M,702,702,702,5,,749,T. Pilling,tommy-pilling,https://fantraximg.com/assets/images/logos/sportsteam/epl/Liverpool.png,,749,W <small>(Thu)</small>,"Waiver Wire - Off Thu Jan 22, 9:00 AM PST",,BUR 1<br/>@LIV 1 F,BUR 1,False,@LIV 1 F,06c7a,0,0,0%,0%,
06nk0,Tommy Setford,,,ARS,Arsenal,ARS,110000,G,G,704,704,704,5,,788,T. Setford,tommy-setford,https://fantraximg.com/assets/images/logos/sportsteam/epl/Arsenal.png,,788,W <small>(Thu)</small>,"Waiver Wire - Off Thu Jan 22, 9:00 AM PST",,ARS 0<br/>@NOT 0 F,ARS 0,False,@NOT 0 F,06c2b,0,0,0%,0%,
03yeg,Tosin Adarabioyo,,,CHE,Chelsea,CHE,110040,D,D,703,703,703,5,,258,T. Adarabioyo,tosin-adarabioyo,https://fantraximg.com/assets/images/logos/sportsteam/epl/Chelsea.png,,258,W <small>(Thu)</small>,"Waiver Wire - Off Thu Jan 22, 9:00 AM PST",,BRF 0<br/>@CHE 2 F,BRF 0,False,@CHE 2 F,06c29,69,6.27,13%,0%,
05yg5,Toti,,,WOL,Wolverhampton,WOL,110191,D,D,703,703,703,4,,331,Toti,toti-antonio-gomes,https://fantraximg.com/assets/images/logos/sportsteam/epl/Wolverhampton_Wanderers.png,,331,FA,Free Agent,,NEW<br/>Sun 6:00AM,NEW,False,Sun 6:00AM,06c2e,39,3,2%,0%,
06v0g,Trai Hume,,,SUN,Sunderland,SUN,110141,D,D,703,703,703,,,66,T. Hume,trai-hume,https://fantraximg.com/assets/images/logos/sportsteam/epl/Sunderland.png,,66,aokel,1 - Danny Carve a Hole (aokelly94),3soymulymc719reo,CRY 1<br/>@SUN 2 F,CRY 1,False,@SUN 2 F,06c2c,180.5,8.2,73%,0%,
06jfq,Travis Hernes,,,NEW,Newcastle United,NEW,110101,M,M,702,702,702,4,,632,T. Hernes,travis-hernes,https://fantraximg.com/assets/images/logos/sportsteam/epl/Newcastle_United.png,,632,FA,Free Agent,,@WOL<br/>Sun 6:00AM,WOL,True,Sun 6:00AM,06c2e,0,0,0%,0%,
06awp,Travis Patterson,,,AVL,Aston Villa,AVL,110011,D,D,703,703,703,4,,743,T. Patterson,travis-patterson,https://fantraximg.com/assets/images/logos/sportsteam/epl/Aston_Villa.png,,743,FA,Free Agent,,EVE<br/>Sun 8:30AM,EVE,False,Sun 8:30AM,06c27,0,0,0%,0%,
06rkr,Trent Kone-Doherty,,,LIV,Liverpool,LIV,110070,F,F,701,701,701,5,,665,T. Kone-Doherty,trent-kone-doherty,https://fantraximg.com/assets/images/logos/sportsteam/epl/Liverpool.png,,665,W <small>(Thu)</small>,"Waiver Wire - Off Thu Jan 22, 9:00 AM PST",,BUR 1<br/>@LIV 1 F,BUR 1,False,@LIV 1 F,06c7a,0,0,0%,0%,
04mup,Trevoh Chalobah,,,CHE,Chelsea,CHE,110040,D,D,703,703,703,,,30,T. Chalobah,trevoh-chalobah,https://fantraximg.com/assets/images/logos/sportsteam/epl/Chelsea.png,,30,plist,1 - Baby Jesus (plisterud),4kktj7fqmc719rep,BRF 0<br/>@CHE 2 F,BRF 0,False,@CHE 2 F,06c29,207,9.86,88%,0%,
06v0w,Trey Ogunsuyi,,,SUN,Sunderland,SUN,110141,F,F,701,701,701,5,,729,T. Ogunsuyi,trey-ogunsuyi,https://fantraximg.com/assets/images/logos/sportsteam/epl/Sunderland.png,,729,W <small>(Thu)</small>,"Waiver Wire - Off Thu Jan 22, 9:00 AM PST",,CRY 1<br/>@SUN 2 F,CRY 1,False,@SUN 2 F,06c2c,0,0,0%,0%,
06hze,Treymaurice Nyoni,,,LIV,Liverpool,LIV,110070,M,M,702,702,702,5,,456,T. Nyoni,treymaurice-nyoni,https://fantraximg.com/assets/images/logos/sportsteam/epl/Liverpool.png,,456,W <small>(Thu)</small>,"Waiver Wire - Off Thu Jan 22, 9:00 AM PST",,BUR 1<br/>@LIV 1 F,BUR 1,False,@LIV 1 F,06c7a,2,1,1%,0%,
06prt,Triston Rowe,,,AVL,Aston Villa,AVL,110011,D,D,703,703,703,4,,775,T. Rowe,triston-rowe,https://fantraximg.com/assets/images/logos/sportsteam/epl/Aston_Villa.png,,775,FA,Free Agent,,EVE<br/>Sun 8:30AM,EVE,False,Sun 8:30AM,06c27,0,0,0%,0%,
062h7,Tyler Adams,,,BOU,Bournemouth,BOU,110034,M,M,702,702,702,4,,199,T. Adams,tyler-adams,https://fantraximg.com/assets/images/logos/sportsteam/epl/Bournemouth.png,,199,FA,Free Agent,,@BHA<br/>Mon 12:00PM,BHA,True,Mon 12:00PM,06c28,90.75,6.05,9%,-1%,-1.0
06195,Tyler Dibling,,,EVE,Everton,EVE,110050,M,M,702,702,702,4,,383,T. Dibling,tyler-dibling,https://fantraximg.com/assets/images/logos/sportsteam/epl/Everton.png,,383,FA,Free Agent,,@AVL<br/>Sun 8:30AM,AVL,True,Sun 8:30AM,06c27,21,1.91,3%,-2%,-1.0
06v0a,Tyler Fletcher,,,MUN,Manchester United,MUN,110090,M,M,702,702,702,5,,593,T. Fletcher,tyler-fletcher,https://fantraximg.com/assets/images/logos/sportsteam/epl/Manchester_United.png,,593,W <small>(Thu)</small>,"Waiver Wire - Off Thu Jan 22, 9:00 AM PST",,MCI 0<br/>@MUN 2 F,MCI 0,False,@MUN 2 F,06c2a,0,0,0%,0%,
064op,Tyler Fredricson,,,MUN,Manchester United,MUN,110090,D,D,703,703,703,5,,469,T. Fredricson,tyler-fredricson,https://fantraximg.com/assets/images/logos/sportsteam/epl/Manchester_United.png,,469,W <small>(Thu)</small>,"Waiver Wire - Off Thu Jan 22, 9:00 AM PST",,MCI 0<br/>@MUN 2 F,MCI 0,False,@MUN 2 F,06c2a,0.5,0.5,0%,0%,
05uhk,Tyler Morton,,,LIV,Liverpool,LIV,110070,M,M,702,702,702,5,,709,T. Morton,tyler-morton,https://fantraximg.com/assets/images/logos/sportsteam/epl/Liverpool.png,,709,W <small>(Thu)</small>,"Waiver Wire - Off Thu Jan 22, 9:00 AM PST",,BUR 1<br/>@LIV 1 F,BUR 1,False,@LIV 1 F,06c7a,0,0,0%,0%,
05r93,Tyler Onyango,,,EVE,Everton,EVE,110050,M,M,702,702,702,4,,735,T. Onyango,tyler-onyango,https://fantraximg.com/assets/images/logos/sportsteam/epl/Everton.png,,735,FA,Free Agent,,@AVL<br/>Sun 8:30AM,AVL,True,Sun 8:30AM,06c27,0,0,0%,0%,
06v0x,Tymur Tutierov,,,SUN,Sunderland,SUN,110141,F,F,701,701,701,5,,820,T. Tutierov,tymur-tutierov,https://fantraximg.com/assets/images/logos/sportsteam/epl/Sunderland.png,,820,W <small>(Thu)</small>,"Waiver Wire - Off Thu Jan 22, 9:00 AM PST",,CRY 1<br/>@SUN 2 F,CRY 1,False,@SUN 2 F,06c2c,0,0,0%,0%,
06zc8,Tynan Thompson,,,TOT,Tottenham Hotspur,TOT,110160,F,F,701,701,701,5,,814,T. Thompson,tynan-thompson,https://fantraximg.com/assets/images/logos/sportsteam/epl/Tottenham_Hotspur.png,,814,W <small>(Thu)</small>,"Waiver Wire - Off Thu Jan 22, 9:00 AM PST",,WHU 2<br/>@TOT 1 F,WHU 2,False,@TOT 1 F,06c2d,0,0,0%,0%,
06zc2,Tyrell Ashcroft,,,TOT,Tottenham Hotspur,TOT,110160,D,D,703,703,703,5,,500,T. Ashcroft,tyrell-ashcroft,https://fantraximg.com/assets/images/logos/sportsteam/epl/Tottenham_Hotspur.png,,500,W <small>(Thu)</small>,"Waiver Wire - Off Thu Jan 22, 9:00 AM PST",,WHU 2<br/>@TOT 1 F,WHU 2,False,@TOT 1 F,06c2d,0,0,0%,0%,
062ft,Tyrell Malacia,,,MUN,Manchester United,MUN,110090,D,D,703,703,703,5,,473,T. Malacia,tyrell-malacia,https://fantraximg.com/assets/images/logos/sportsteam/epl/Manchester_United.png,,473,W <small>(Thu)</small>,"Waiver Wire - Off Thu Jan 22, 9:00 AM PST",,MCI 0<br/>@MUN 2 F,MCI 0,False,@MUN 2 F,06c2a,0.25,0.25,0%,0%,
06lvm,Tyrese Hall,,,TOT,Tottenham Hotspur,TOT,110160,M,M,702,702,702,5,,618,T. Hall,tyrese-hall,https://fantraximg.com/assets/images/logos/sportsteam/epl/Tottenham_Hotspur.png,,618,W <small>(Thu)</small>,"Waiver Wire - Off Thu Jan 22, 9:00 AM PST",,WHU 2<br/>@TOT 1 F,WHU 2,False,@TOT 1 F,06c2d,0,0,0%,0%,
05akv,Tyrick Mitchell,,,CRY,Crystal Palace,CRY,110045,D,D,703,703,703,,,68,T. Mitchell,tyrick-mitchell,https://fantraximg.com/assets/images/logos/sportsteam/epl/Crystal_Palace.png,,68,ramgo,1 - Troy McClure's Fish Fetish (ramgorn),xwd21t85mc719rep,CRY 1<br/>@SUN 2 F,CRY 1,False,@SUN 2 F,06c2c,178.25,8.1,97%,+1%,1.0
06l4i,Tyrique George,,,CHE,Chelsea,CHE,110040,F,F,701,701,701,5,,450,T. George,tyrique-george,https://fantraximg.com/assets/images/logos/sportsteam/epl/Chelsea.png,,450,W <small>(Thu)</small>,"Waiver Wire - Off Thu Jan 22, 9:00 AM PST",,BRF 0<br/>@CHE 2 F,BRF 0,False,@CHE 2 F,06c29,2.5,0.62,1%,0%,
03rec,Tyrone Mings,,,AVL,Aston Villa,AVL,110011,D,D,703,703,703,4,,294,T. Mings,tyrone-mings,https://fantraximg.com/assets/images/logos/sportsteam/epl/Aston_Villa.png,,294,FA,Free Agent,,EVE<br/>Sun 8:30AM,EVE,False,Sun 8:30AM,06c27,55.75,7.96,12%,0%,
06mfw,Vaclav Hladky,,,BUR,Burnley,BUR,110223,G,G,704,704,704,5,,638,V. Hladky,vaclav-hladky,https://fantraximg.com/assets/images/logos/sportsteam/epl/Burnley_3.png,,638,W <small>(Thu)</small>,"Waiver Wire - Off Thu Jan 22, 9:00 AM PST",,BUR 1<br/>@LIV 1 F,BUR 1,False,@LIV 1 F,06c7a,0,0,0%,0%,
072jf,Valentin Castellanos,,,WHU,West Ham United,WHU,110175,F,F,701,701,701,,,425,V. Castellanos,valentin-castellanos,https://fantraximg.com/assets/images/logos/sportsteam/epl/West_Ham_United.png,,425,DFFC,1 - Darth Fernandes FC (jacobnorman14),ew8egddsmc719rep,WHU 2<br/>@TOT 1 F,WHU 2,False,@TOT 1 F,06c2d,7.25,3.62,35%,+14%,1.0
05s08,Valentino Livramento,,,NEW,Newcastle United,NEW,110101,D,D,703,703,703,4,,191,V. Livramento,valentino-livramento,https://fantraximg.com/assets/images/logos/sportsteam/epl/Newcastle_United.png,2,191,FA,Free Agent,,@WOL<br/>Sun 6:00AM,WOL,True,Sun 6:00AM,06c2e,97.5,7.5,58%,-14%,-1.0
070h9,Veljko Milosavljevic,,,BOU,Bournemouth,BOU,110034,D,D,703,703,703,4,,352,V. Milosavljevic,veljko-milosavljevic,https://fantraximg.com/assets/images/logos/sportsteam/epl/Bournemouth.png,2,352,FA,Free Agent,,@BHA<br/>Mon 12:00PM,BHA,True,Mon 12:00PM,06c28,32.75,5.46,1%,0%,
04fk8,Victor Lindelof,,,AVL,Aston Villa,AVL,110011,D,D,703,703,703,4,,360,V. Lindelof,victor-lindelof,https://fantraximg.com/assets/images/logos/sportsteam/epl/Aston_Villa.png,,360,FA,Free Agent,,EVE<br/>Sun 8:30AM,EVE,False,Sun 8:30AM,06c27,30.25,3.02,2%,0%,
04tsb,Viktor Gyökeres,,,ARS,Arsenal,ARS,110000,F,F,701,701,701,,,190,V. Gyökeres,viktor-gyokeres,https://fantraximg.com/assets/images/logos/sportsteam/epl/Arsenal.png,,190,josht,1 - Dark Arts FC (joshtradamus),h61uavhqmc719rep,ARS 0<br/>@NOT 0 F,ARS 0,False,@NOT 0 F,06c2b,98.25,4.91,94%,0%,
03vlj,Virgil van Dijk,,,LIV,Liverpool,LIV,110070,D,D,703,703,703,,,20,V. van Dijk,virgil-van-dijk,https://fantraximg.com/assets/images/logos/sportsteam/epl/Liverpool.png,,20,kinge,1 - Boomsakalaka (kingeric7.),4w3svguhmc719rep,BUR 1<br/>@LIV 1 F,BUR 1,False,@LIV 1 F,06c7a,217,9.86,100%,+1%,1.0
05ybq,Vitalii Mykolenko,,,EVE,Everton,EVE,110050,D,D,703,703,703,,,153,V. Mykolenko,vitalii-mykolenko,https://fantraximg.com/assets/images/logos/sportsteam/epl/Everton.png,2,153,josht,1 - Dark Arts FC (joshtradamus),h61uavhqmc719rep,@AVL<br/>Sun 8:30AM,AVL,True,Sun 8:30AM,06c27,119.25,6.62,57%,-12%,-1.0
05tre,Vitaly Janelt,,,BRF,Brentford,BRF,110237,M,M,702,702,702,,,166,V. Janelt,vitaly-janelt,https://fantraximg.com/assets/images/logos/sportsteam/epl/Brentford.png,,166,kinge,1 - Boomsakalaka (kingeric7.),4w3svguhmc719rep,BRF 0<br/>@CHE 2 F,BRF 0,False,@CHE 2 F,06c29,113.25,6.66,48%,+8%,1.0
06r9x,Vitor Reis,,,MCI,Manchester City,MCI,110080,D,D,703,703,703,5,,854,Vitor Reis,vitor-de-oliveira-nunes-dos-reis,https://fantraximg.com/assets/images/logos/sportsteam/epl/Manchester_City.png,,854,W <small>(Thu)</small>,"Waiver Wire - Off Thu Jan 22, 9:00 AM PST",,MCI 0<br/>@MUN 2 F,MCI 0,False,@MUN 2 F,06c2a,0,0,0%,0%,
06xze,Walter Benítez,,,CRY,Crystal Palace,CRY,110045,G,G,704,704,704,5,,515,W. Benítez,walter-benitez,https://fantraximg.com/assets/images/logos/sportsteam/epl/Crystal_Palace.png,,515,W <small>(Thu)</small>,"Waiver Wire - Off Thu Jan 22, 9:00 AM PST",,CRY 1<br/>@SUN 2 F,CRY 1,False,@SUN 2 F,06c2c,0,0,0%,0%,
06fso,Wataru Endo,,,LIV,Liverpool,LIV,110070,M,M,702,702,702,5,,419,W. Endo,wataru-endo,https://fantraximg.com/assets/images/logos/sportsteam/epl/Liverpool.png,,419,W <small>(Thu)</small>,"Waiver Wire - Off Thu Jan 22, 9:00 AM PST",,BUR 1<br/>@LIV 1 F,BUR 1,False,@LIV 1 F,06c7a,8.25,1.65,1%,0%,
06zrq,Wellity Lucky,,,LIV,Liverpool,LIV,110070,D,D,703,703,703,5,,680,W. Lucky,wellity-lucky,https://fantraximg.com/assets/images/logos/sportsteam/epl/Liverpool.png,,680,W <small>(Thu)</small>,"Waiver Wire - Off Thu Jan 22, 9:00 AM PST",,BUR 1<br/>@LIV 1 F,BUR 1,False,@LIV 1 F,06c7a,0,0,0%,0%,
05n0a,Wes Foderingham,,,WHU,West Ham United,WHU,110175,G,G,704,704,704,5,,594,W. Foderingham,wes-foderingham,https://fantraximg.com/assets/images/logos/sportsteam/epl/West_Ham_United.png,,594,W <small>(Thu)</small>,"Waiver Wire - Off Thu Jan 22, 9:00 AM PST",,WHU 2<br/>@TOT 1 F,WHU 2,False,@TOT 1 F,06c2d,0,0,0%,0%,
05opl,Wesley Fofana,,,CHE,Chelsea,CHE,110040,D,D,703,703,703,5,,168,W. Fofana,wesley-fofana,https://fantraximg.com/assets/images/logos/sportsteam/epl/Chelsea.png,,168,W <small>(Thu)</small>,"Waiver Wire - Off Thu Jan 22, 9:00 AM PST",,BRF 0<br/>@CHE 2 F,BRF 0,False,@CHE 2 F,06c29,110.5,10.05,47%,-3%,-1.0
064a0,Wilfried Gnonto,,,LEE,Leeds United,LEE,110261,F,F,701,701,701,5,,340,W. Gnonto,wilfried-gnonto,https://fantraximg.com/assets/images/logos/sportsteam/epl/Leeds_United2.png,,340,W <small>(Thu)</small>,"Waiver Wire - Off Thu Jan 22, 9:00 AM PST",,FUL 0<br/>@LEE 1 F,FUL 0,False,@LEE 1 F,06c79,36.75,2.83,14%,0%,
04f6o,Will Hughes,,,CRY,Crystal Palace,CRY,110045,M,M,702,702,702,5,,259,W. Hughes,will-hughes,https://fantraximg.com/assets/images/logos/sportsteam/epl/Crystal_Palace.png,,259,W <small>(Thu)</small>,"Waiver Wire - Off Thu Jan 22, 9:00 AM PST",,CRY 1<br/>@SUN 2 F,CRY 1,False,@SUN 2 F,06c2c,68,3.58,2%,0%,
066t2,Will Lankshear,,,TOT,Tottenham Hotspur,TOT,110160,F,F,701,701,701,5,,674,W. Lankshear,will-lankshear,https://fantraximg.com/assets/images/logos/sportsteam/epl/Tottenham_Hotspur.png,,674,W <small>(Thu)</small>,"Waiver Wire - Off Thu Jan 22, 9:00 AM PST",,WHU 2<br/>@TOT 1 F,WHU 2,False,@TOT 1 F,06c2d,0,0,0%,0%,
06zrt,Will Wright,,,LIV,Liverpool,LIV,110070,F,F,701,701,701,5,,847,W. Wright,will-wright,https://fantraximg.com/assets/images/logos/sportsteam/epl/Liverpool.png,,847,W <small>(Thu)</small>,"Waiver Wire - Off Thu Jan 22, 9:00 AM PST",,BUR 1<br/>@LIV 1 F,BUR 1,False,@LIV 1 F,06c7a,0,0,0%,0%,
056as,William Dennis,,,BOU,Bournemouth,BOU,110034,G,G,704,704,704,4,,572,W. Dennis,william-dennis,https://fantraximg.com/assets/images/logos/sportsteam/epl/Bournemouth.png,,572,FA,Free Agent,,@BHA<br/>Mon 12:00PM,BHA,True,Mon 12:00PM,06c28,0,0,0%,0%,
06rqa,William Murdock,,,MUN,Manchester United,MUN,110090,G,G,704,704,704,5,,715,W. Murdock,william-murdock,https://fantraximg.com/assets/images/logos/sportsteam/epl/Manchester_United.png,,715,W <small>(Thu)</small>,"Waiver Wire - Off Thu Jan 22, 9:00 AM PST",,MCI 0<br/>@MUN 2 F,MCI 0,False,@MUN 2 F,06c2a,0,0,0%,0%,
05t6x,William Osula,,,NEW,Newcastle United,NEW,110101,F,F,701,701,701,4,,365,W. Osula,william-osula,https://fantraximg.com/assets/images/logos/sportsteam/epl/Newcastle_United.png,,365,FA,Free Agent,,@WOL<br/>Sun 6:00AM,WOL,True,Sun 6:00AM,06c2e,28.5,2.85,2%,0%,
0558w,William Saliba,,,ARS,Arsenal,ARS,110000,D,D,703,703,703,,,133,W. Saliba,william-saliba,https://fantraximg.com/assets/images/logos/sportsteam/epl/Arsenal.png,,133,plist,1 - Baby Jesus (plisterud),4kktj7fqmc719rep,ARS 0<br/>@NOT 0 F,ARS 0,False,@NOT 0 F,06c2b,128.75,7.15,96%,+1%,1.0
04qr0,Willy Boly,,,NOT,Nottingham Forest,NOT,110105,D,D,703,703,703,5,,524,W. Boly,willy-boly,https://fantraximg.com/assets/images/logos/sportsteam/epl/Nottingham_Forest.png,,524,W <small>(Thu)</small>,"Waiver Wire - Off Thu Jan 22, 9:00 AM PST",,ARS 0<br/>@NOT 0 F,ARS 0,False,@NOT 0 F,06c2b,0,0,0%,0%,
06v0t,Wilson Isidor,,,SUN,Sunderland,SUN,110141,F,F,701,701,701,5,,238,W. Isidor,wilson-isidor,https://fantraximg.com/assets/images/logos/sportsteam/epl/Sunderland.png,,238,W <small>(Thu)</small>,"Waiver Wire - Off Thu Jan 22, 9:00 AM PST",,CRY 1<br/>@SUN 2 F,CRY 1,False,@SUN 2 F,06c2c,78.5,4.13,18%,-2%,-1.0
06fhy,Wilson Odobert,,,TOT,Tottenham Hotspur,TOT,110160,F,F,701,701,701,5,,250,W. Odobert,wilson-odobert,https://fantraximg.com/assets/images/logos/sportsteam/epl/Tottenham_Hotspur.png,,250,W <small>(Thu)</small>,"Waiver Wire - Off Thu Jan 22, 9:00 AM PST",,WHU 2<br/>@TOT 1 F,WHU 2,False,@TOT 1 F,06c2d,70.25,3.51,13%,+7%,1.0
070fa,Xavi Simons,,,TOT,Tottenham Hotspur,TOT,110160,M,M,702,702,702,,,209,X. Simons,xavi-simons,https://fantraximg.com/assets/images/logos/sportsteam/epl/Tottenham_Hotspur.png,,209,ideso,1 - Cucu Diddler Rella (idesofmarz),e1zcwbwfmc719rep,WHU 2<br/>@TOT 1 F,WHU 2,False,@TOT 1 F,06c2d,88.25,5.52,70%,+4%,1.0
06c6g,Yankuba Minteh,,,BHA,Brighton,BHA,110240,M,M,701,702,702,,,16,Y. Minteh,yankuba-minteh,https://fantraximg.com/assets/images/logos/sportsteam/epl/Brighton_and_Hove_Albion.png,2,16,hogan_m,"1 - Yoro wizard, Harry! (hogan_m)",3uxxpgpemc719rep,BOU<br/>Mon 12:00PM,BOU,False,Mon 12:00PM,06c28,224.5,11.82,99%,0%,
068yc,Yasin Ayari,,,BHA,Brighton,BHA,110240,M,M,702,702,702,,,123,Y. Ayari,yasin-ayari,https://fantraximg.com/assets/images/logos/sportsteam/epl/Brighton_and_Hove_Albion.png,2,123,kinge,1 - Boomsakalaka (kingeric7.),4w3svguhmc719rep,BOU<br/>Mon 12:00PM,BOU,False,Mon 12:00PM,06c28,134.75,7.09,49%,+7%,1.0
06unr,Yasin Özcan,,,AVL,Aston Villa,AVL,110011,D,D,703,703,703,4,,857,Y. Özcan,yasin-ozcan,https://fantraximg.com/assets/images/logos/sportsteam/epl/Aston_Villa.png,,857,FA,Free Agent,,EVE<br/>Sun 8:30AM,EVE,False,Sun 8:30AM,06c27,0,0,0%,0%,
070f9,Yeremy Pino,,,CRY,Crystal Palace,CRY,110045,M,M,702,702,702,,,115,Y. Pino,yeremy-pino,https://fantraximg.com/assets/images/logos/sportsteam/epl/Crystal_Palace.png,,115,ramgo,1 - Troy McClure's Fish Fetish (ramgorn),xwd21t85mc719rep,CRY 1<br/>@SUN 2 F,CRY 1,False,@SUN 2 F,06c2c,141.25,7.06,55%,0%,
05ts6,Yerson Mosquera,,,WOL,Wolverhampton,WOL,110191,D,D,703,703,703,4,,303,Y. Mosquera,yerson-mosquera,https://fantraximg.com/assets/images/logos/sportsteam/epl/Wolverhampton_Wanderers.png,2,303,FA,Free Agent,,NEW<br/>Sun 6:00AM,NEW,False,Sun 6:00AM,06c2e,52.5,4.38,3%,0%,
05uor,Yoane Wissa,,,NEW,Newcastle United,NEW,110101,F,F,701,701,701,,,389,Y. Wissa,yoane-wissa,https://fantraximg.com/assets/images/logos/sportsteam/epl/Newcastle_United.png,,389,josht,1 - Dark Arts FC (joshtradamus),h61uavhqmc719rep,@WOL<br/>Sun 6:00AM,WOL,True,Sun 6:00AM,06c2e,18.25,2.61,94%,-1%,-1.0
04yo7,Youri Tielemans,,,AVL,Aston Villa,AVL,110011,M,M,702,702,702,,,149,Y. Tielemans,youri-tielemans,https://fantraximg.com/assets/images/logos/sportsteam/epl/Aston_Villa.png,2,149,scout,1 - scout skegghorst (trouttreghorst),0cyx6ukymc719rep,EVE<br/>Sun 8:30AM,EVE,False,Sun 8:30AM,06c27,122,8.13,92%,0%,
06few,Youssef Chermiti,,,EVE,Everton,EVE,110050,F,F,701,701,701,4,,758,Youssef Chermiti,youssef-ramalho-chermiti,https://fantraximg.com/assets/images/logos/sportsteam/epl/Everton.png,,758,FA,Free Agent,,@AVL<br/>Sun 8:30AM,AVL,True,Sun 8:30AM,06c27,0,0,0%,0%,
06ils,Yunus Konak,,,BRF,Brentford,BRF,110237,M,M,702,702,702,5,,664,Y. Konak,yunus-konak,https://fantraximg.com/assets/images/logos/sportsteam/epl/Brentford.png,,664,W <small>(Thu)</small>,"Waiver Wire - Off Thu Jan 22, 9:00 AM PST",,BRF 0<br/>@CHE 2 F,BRF 0,False,@CHE 2 F,06c29,0,0,0%,0%,
06zc7,Yusuf Akhamrich,,,TOT,Tottenham Hotspur,TOT,110160,F,F,701,701,701,5,,483,Y. Akhamrich,yusuf-akhamrich,https://fantraximg.com/assets/images/logos/sportsteam/epl/Tottenham_Hotspur.png,,483,W <small>(Thu)</small>,"Waiver Wire - Off Thu Jan 22, 9:00 AM PST",,WHU 2<br/>@TOT 1 F,WHU 2,False,@TOT 1 F,06c2d,0,0,0%,0%,
04sft,Yves Bissouma,,,TOT,Tottenham Hotspur,TOT,110160,M,M,702,702,702,5,,418,Y. Bissouma,yves-bissouma,https://fantraximg.com/assets/images/logos/sportsteam/epl/Tottenham_Hotspur.png,,418,W <small>(Thu)</small>,"Waiver Wire - Off Thu Jan 22, 9:00 AM PST",,WHU 2<br/>@TOT 1 F,WHU 2,False,@TOT 1 F,06c2d,8.25,8.25,0%,0%,
06442,Zach Abbott,,,NOT,Nottingham Forest,NOT,110105,D,D,703,703,703,5,,435,Z. Abbott,zach-abbott,https://fantraximg.com/assets/images/logos/sportsteam/epl/Nottingham_Forest.png,,435,W <small>(Thu)</small>,"Waiver Wire - Off Thu Jan 22, 9:00 AM PST",,ARS 0<br/>@NOT 0 F,ARS 0,False,@NOT 0 F,06c2b,5.5,5.5,0%,0%,
06do1,Zach Marsh,,,CRY,Crystal Palace,CRY,110045,F,F,701,701,701,5,,688,Z. Marsh,zach-marsh,https://fantraximg.com/assets/images/logos/sportsteam/epl/Crystal_Palace.png,,688,W <small>(Thu)</small>,"Waiver Wire - Off Thu Jan 22, 9:00 AM PST",,CRY 1<br/>@SUN 2 F,CRY 1,False,@SUN 2 F,06c2c,0,0,0%,0%,
06xzm,Zak Johnson,,,SUN,Sunderland,SUN,110141,D,D,703,703,703,5,,650,Z. Johnson,zak-johnson,https://fantraximg.com/assets/images/logos/sportsteam/epl/Sunderland.png,,650,W <small>(Thu)</small>,"Waiver Wire - Off Thu Jan 22, 9:00 AM PST",,CRY 1<br/>@SUN 2 F,CRY 1,False,@SUN 2 F,06c2c,0,0,0%,0%,
06dn2,Zeki Amdouni,,,BUR,Burnley,BUR,110223,F,F,701,701,701,5,,490,Z. Amdouni,zeki-amdouni,https://fantraximg.com/assets/images/logos/sportsteam/epl/Burnley_3.png,,490,W <small>(Thu)</small>,"Waiver Wire - Off Thu Jan 22, 9:00 AM PST",,BUR 1<br/>@LIV 1 F,BUR 1,False,@LIV 1 F,06c7a,0,0,0%,0%,
06uzo,Zian Flemming,,,BUR,Burnley,BUR,110223,M,M,702,702,702,5,,214,Z. Flemming,zian-flemming,https://fantraximg.com/assets/images/logos/sportsteam/epl/Burnley_3.png,,214,W <small>(Thu)</small>,"Waiver Wire - Off Thu Jan 22, 9:00 AM PST",,BUR 1<br/>@LIV 1 F,BUR 1,False,@LIV 1 F,06c7a,86.25,5.75,4%,-1%,-1.0
072c1,Zyan Blake,,,NOT,Nottingham Forest,NOT,110105,F,F,701,701,701,5,,522,Z. Blake,zyan-blake,https://fantraximg.com/assets/images/logos/sportsteam/epl/Nottingham_Forest.png,,522,W <small>(Thu)</small>,"Waiver Wire - Off Thu Jan 22, 9:00 AM PST",,ARS 0<br/>@NOT 0 F,ARS 0,False,@NOT 0 F,06c2b,0,0,0%,0%,
